-- phpMyAdmin SQL Dump
-- version 5.0.4
-- https://www.phpmyadmin.net/
--
-- Хост: 127.0.0.1
-- Время создания: Май 15 2021 г., 06:40
-- Версия сервера: 10.4.17-MariaDB
-- Версия PHP: 7.3.27

SET SQL_MODE = "NO_AUTO_VALUE_ON_ZERO";
START TRANSACTION;
SET time_zone = "+00:00";


/*!40101 SET @OLD_CHARACTER_SET_CLIENT=@@CHARACTER_SET_CLIENT */;
/*!40101 SET @OLD_CHARACTER_SET_RESULTS=@@CHARACTER_SET_RESULTS */;
/*!40101 SET @OLD_COLLATION_CONNECTION=@@COLLATION_CONNECTION */;
/*!40101 SET NAMES utf8mb4 */;

--
-- База данных: `react_data`
--

-- --------------------------------------------------------

--
-- Структура таблицы `club`
--

CREATE TABLE `club` (
  `id` bigint(20) NOT NULL,
  `difference` varchar(255) DEFAULT NULL,
  `games` varchar(255) DEFAULT NULL,
  `loses` varchar(255) DEFAULT NULL,
  `name` varchar(255) DEFAULT NULL,
  `same` varchar(255) DEFAULT NULL,
  `score` int(11) DEFAULT NULL,
  `wins` varchar(255) DEFAULT NULL,
  `img` varchar(255) DEFAULT NULL,
  `coach` varchar(255) DEFAULT NULL,
  `number` int(11) DEFAULT NULL,
  `zona` bit(1) DEFAULT NULL
) ENGINE=InnoDB DEFAULT CHARSET=utf8;

--
-- Дамп данных таблицы `club`
--

INSERT INTO `club` (`id`, `difference`, `games`, `loses`, `name`, `same`, `score`, `wins`, `img`, `coach`, `number`, `zona`) VALUES
(1, '57-22', '25', '3', 'Зенит', '6', 54, '16', 'http://football.kulichki.net/ruschamp/teams/logo/Zenit.jpg', 'Главный тренер - Сергей Семак.', 1, b'0'),
(2, '49-30', '25', '6', 'Спартак', '5', 47, '14', 'http://football.kulichki.net/ruschamp/teams/logo/Spartak.jpg', 'Главный тренер - Доменико Тедеско.', 2, b'0'),
(3, '34-26', '25', '7', 'Локомотив', '4', 46, '14', 'http://football.kulichki.net/ruschamp/teams/logo/Lokomotiv.gif', 'Главный тренер - Марко Николич.', 1, b'0'),
(4, '44-25', '25', '7', 'ЦСКА', '4', 46, '14', 'http://football.kulichki.net/ruschamp/teams/logo/CSKA.jpg', 'Главный тренер - Ивица Олич.', 1, b'0'),
(5, '34-29', '25', '8', 'Динамо', '4', 43, '13', 'http://football.kulichki.net/ruschamp/teams/logo/Dinamo.jpg', 'Главный тренер - Сандро Шварц.', 1, b'0'),
(6, '38-28', '25', '8', 'Рубин', '4', 43, '13', 'http://football.kulichki.net/ruschamp/teams/logo/Rubin.png', 'Главный тренер - Леонид Слуцкий.', 1, b'0'),
(7, '39-28', '25', '7', 'Сочи', '7', 40, '11', 'http://football.kulichki.net/fnl/logo/Sochi.jpg', 'Главный тренер - Владимир Федотов.', 1, b'0'),
(8, '31-34', '25', '9', 'Ростов', '5', 38, '11', 'http://football.kulichki.net/ruschamp/teams/logo/Rostov.jpg', 'Главный тренер - Игорь Черевченко.', 1, b'0'),
(9, '32-27', '25', '10', 'Химки', '4', 37, '11', 'http://football.kulichki.net/fnl/logo/Khimki.jpg', 'Главный тренер - Валерий Карпин.', 1, b'0'),
(10, '44-36', '25', '11', 'Краснодар', '4', 34, '10', 'http://football.kulichki.net/ruschamp/teams/logo/Krasnodar.jpg', 'Главный тренер - Виктор Гончаренко.', 1, b'0'),
(11, '27-32', '25', '11', 'Ахмат', '5', 32, '9', 'http://football.kulichki.net/ruschamp/teams/logo/Akhmat.jpg', 'Главный тренер - Андрей Талалаев.', 1, b'0'),
(12, '24-32', '25', '7', 'Урал', '12', 30, '6', 'http://football.kulichki.net/ruschamp/teams/logo/Ural.jpg', 'Главный тренер - Юрий Матвеев.', 1, b'0'),
(13, '20-42', '25', '15', 'Ротор', '5', 20, '5', 'http://football.kulichki.net/fnl/logo/Rotor.jpg', 'Главный тренер - Дмитрий Парфенов.', 1, b'0'),
(14, '12-40', '25', '15', 'Арсенал', '6', 18, '4', 'http://football.kulichki.net/fnl/logo/Arsenal.jpg', 'Главный тренер - Юрий Батуренко.', 1, b'0'),
(15, '18-41', '25', '16', 'Уфа', '5', 17, '4', 'http://football.kulichki.net/fnl/logo/Ufa.jpg', 'Главный тренер - Алексей Стукалов.', 1, b'0'),
(16, '15-46', '25', '18', 'Тамбов', '4', 13, '3', 'http://football.kulichki.net/ruschamp/teams/logo/Tambov.jpg', 'Главный тренер - Сергей Первушин', 1, b'0'),
(17, '52-20', '30', '3', 'Атлетико', '7', 67, '20', 'http://football.kulichki.net/spain/logo/Athletico.jpg', 'Главный тренер - Диего Симеоне', 2, b'0'),
(18, '53-24', '30', '4', 'Барселона', '6', 66, '20', 'http://football.kulichki.net/spain/logo/Barcelona.jpg', 'Главный тренер - Зинедин Зидан.', 2, b'0'),
(19, '69-26', '30', '5', 'Реал Мадрид', '5', 65, '20', 'http://football.kulichki.net/spain/logo/Real Madrid.jpg', 'Главный тренер - Рональд Куман.', 2, b'0'),
(20, '44-24', '30', '7', 'Севилья', '4', 61, '19', 'http://football.kulichki.net/spain/logo/Sevilla.jpg', 'Главный тренер - Юлен Лопетеги.', 2, b'0'),
(21, '47-31', '30', '7', 'Реал Сосьедад', '11', 47, '12', 'http://football.kulichki.net/spain/logo/Real Sociedad.jpg', 'Главный тренер - Иманол Альгуасиль.', 2, b'0'),
(22, '40-43', '30', '11', 'Вильярреал', '5', 47, '14', 'http://football.kulichki.net/spain/logo/Villarreal.jpg', 'Главный тренер - Мануэль Пеллегрини.', 2, b'0'),
(23, '43-33', '30', '6', 'Бетис', '13', 46, '11', 'http://football.kulichki.net/spain/logo/Betis.jpg', 'Главный тренер - Унаи Эмери', 2, b'0'),
(24, '36-50', '30', '13', 'Сельта', '6', 39, '11', 'http://football.kulichki.net/spain/logo/Celta.png', 'Главный тренер - Диего Мартинес.', 2, b'0'),
(25, '37-39', '30', '10', 'Гранада', '11', 38, '9', 'http://football.kulichki.net/spain/logo/Granada.jpg', 'Главный тренер - Пако Лопес', 2, b'0'),
(26, '41-48', '30', '11', 'Атлетик', '10', 37, '9', 'http://football.kulichki.net/spain/logo/Athletic.jpg', 'Главный тренер - Эдуардо Коудет.', 2, b'0'),
(27, '39-33', '30', '11', 'Леванте', '10', 37, '9', 'http://football.kulichki.net/spain/logo/Levante.jpg', 'Главный тренер - Марселино Гарсия Тораль', 2, b'0'),
(28, '27-45', '30', '13', 'Валенсия', '8', 35, '9', 'http://football.kulichki.net/spain/logo/Valencia.jpg', 'Главный тренер - Альваро Сервера.', 2, b'0'),
(29, '37-42', '30', '12', 'Кадис', '10', 34, '8', 'https://football.kulichki.net/spain/logo/Cadiz.jpg', 'Главный тренер - Хави Грасия.', 2, b'0'),
(30, '25-36', '30', '12', 'Осасуна', '10', 34, '8', 'http://football.kulichki.net/spain/logo/Osasuna.jpg', 'Главный тренер - Ягоба Аррасате', 2, b'0'),
(31, '22-34', '30', '14', 'Хетафе', '9', 30, '7', 'http://football.kulichki.net/spain/logo/Getafe.jpg', 'Главный тренер - Хосе Бордалас.', 2, b'0'),
(32, '31-45', '30', '13', 'Вальядолид', '12', 27, '5', 'http://football.kulichki.net/spain/logo/Valladolid.png', 'Главный тренер - Хуан Хосе Рохо Мартин (Пачета).', 2, b'0'),
(33, '27-41', '30', '13', 'Эльче', '12', 27, '5', 'http://football.kulichki.net/spain/logo/Elche.jpg', 'Главный тренер - Серхио Гонсалес.', 2, b'0'),
(34, '27-46', '30', '14', 'Уэска', '11', 26, '5', 'http://football.kulichki.net/spain/logo/Huesca.jpg', 'Главный тренер - Франсиско Эскриба.', 2, b'0'),
(35, '24-47', '30', '16', 'Алавес', '9', 24, '5', 'http://football.kulichki.net/spain/logo/Alaves.jpg', 'Главный тренер - Абелардо Фернандес', 2, b'0'),
(36, '22-36', '30', '15', 'Эйбар', '11', 23, '4', 'http://football.kulichki.net/spain/logo/Eibar.jpg', 'Главный тренер - Хосе Луис Мендилибар.', 2, b'0'),
(37, '80-36', '28', '3', 'Бавария', '5', 65, '20', 'http://football.kulichki.net/germany/logo/Bavaria.jpg', 'Главный тренер - Ханс-Дитер Флик.', 2, b'0'),
(38, '52-23', '28', '4', 'Лейпциг', '6', 60, '18', 'http://football.kulichki.net/germany/logo/Leipzig.jpg', 'Главный тренер - Юлиан Нагельсманн', 2, b'0'),
(39, '49-26', '28', '4', 'Вольфсбург', '9', 54, '15', 'http://football.kulichki.net/germany/logo/Voflwolfsburg.jpg', 'Главный тренер - Оливер Гласнер', 2, b'0'),
(40, '59-40', '28', '3', 'Айнтрахт Ф', '11', 53, '14', 'http://football.kulichki.net/germany/logo/Eintracht.jpg', 'Главный тренер - Адди Хюттер', 2, b'0'),
(41, '58-41', '28', '10', 'Боруссия Д', '4', 46, '14', 'http://football.kulichki.net/germany/logo/Borussia D.jpg', 'Главный тренер - Эдин Терзич (и.о.)', 2, b'0'),
(42, '45-32', '28', '8', 'Байер', '8', 44, '12', 'http://football.kulichki.net/germany/logo/Bayer.jpg', 'Главный тренер - Ханнес Вольф', 2, b'0'),
(43, '42-34', '28', '6', 'Унион Берлин', '13', 40, '9', 'http://football.kulichki.net/germany/logo/UnionBerlin.jpg', 'Главный тренер - Урс Фишер.', 2, b'0'),
(44, '48-43', '28', '8', 'Штутгарт', '10', 40, '10', 'http://football.kulichki.net/germany/logo/Stuttgart.jpg', 'Главный тренер - Марко Розе', 2, b'0'),
(45, '50-44', '28', '9', 'Боруссия М', '9', 39, '10', 'http://football.kulichki.net/germany/logo/Borussia M.jpg', 'Главный тренер - Пеллегрино Матараццо', 2, b'0'),
(46, '40-42', '28', '11', 'Фрайбург', '7', 37, '10', 'http://football.kulichki.net/germany/logo/Freiburg.jpg', 'Главный тренер - Кристиан Штрайх', 2, b'0'),
(47, '29-42', '28', '14', 'Аугсбург', '5', 32, '9', 'http://football.kulichki.net/germany/logo/Augsburg.jpg', 'Главный тренер - Хайко Херрлих', 2, b'0'),
(48, '41-47', '28', '13', 'Хоффенхайм', '7', 31, '8', 'http://football.kulichki.net/germany/logo/Hoffenheim.jpg', 'Главный тренер - Себастьян Хёнесс', 2, b'0'),
(49, '32-43', '28', '12', 'Вердер', '9', 30, '7', 'http://football.kulichki.net/germany/logo/Werder.jpg', 'Главный тренер - Флориан Кофельдт', 2, b'0'),
(50, '30-48', '28', '14', 'Герта', '7', 28, '7', 'http://football.kulichki.net/germany/logo/Hertha.jpg', 'Главный тренер - Бо Свенссон.', 2, b'0'),
(51, '34-48', '28', '14', 'Майнц', '8', 26, '6', 'http://football.kulichki.net/germany/logo/Mainz.jpg', 'Главный тренер - Паль Дардаи', 2, b'0'),
(52, '22-46', '28', '16', 'Кельн', '5', 26, '7', 'http://football.kulichki.net/germany/logo/Keln.jpg', 'Главный тренер - Франк Крамер', 2, b'0'),
(53, '27-50', '28', '15', 'Арминия', '8', 23, '5', 'http://football.kulichki.net/germany/logo/Arminia.png', 'Главный тренер - Маркус Гисдоль', 2, b'0'),
(54, '18-71', '28', '19', 'Шальке', '7', 13, '2', 'http://football.kulichki.net/germany/logo/Schalke.jpg', 'Главный тренер - Димитриос Граммоцис.', 2, b'0'),
(55, '67-23', '32', '4', 'Манчестер Сити', '5', 74, '23', 'http://football.kulichki.net/england/logo/Manchester_City.png', 'Главный тренер - Хосеп Гвардиола', 2, b'0'),
(56, '61-34', '31', '4', 'Манчестер Юнайтед', '9', 63, '18', 'http://football.kulichki.net/england/logo/Mancheste_United.jpg', 'Главный тренер - Уле Гуннар Сульшер', 2, b'0'),
(57, '55-37', '31', '9', 'Лестер', '5', 56, '17', 'http://football.kulichki.net/england/logo/Leicester.jpg', 'Главный тренер - Брендан Роджерс.', 2, b'0'),
(58, '51-39', '31', '8', 'Вест Хэм', '7', 55, '16', 'http://football.kulichki.net/england/logo/West_Ham.jpg', 'Главный тренер - Дэвид Мойес.', 2, b'0'),
(59, '50-31', '31', '7', 'Челси', '9', 54, '15', 'http://football.kulichki.net/england/logo/Chelsea.jpg', 'Главный тренер - Томас Тухель', 2, b'0'),
(60, '53-37', '31', '9', 'Тоттенхэм', '7', 52, '15', 'http://football.kulichki.net/england/logo/Tottenham.jpg', 'Главный тренер - Юрген Клопп', 2, b'0'),
(61, '52-35', '31', '10', 'Ливерпуль', '7', 49, '14', 'http://football.kulichki.net/england/logo/Liverpool.jpg', 'Главный тренер - Жозе Моуринью.', 2, b'0'),
(62, '41-38', '30', '10', 'Эвертон', '6', 48, '14', 'http://football.kulichki.net/england/logo/Everton.jpg', 'Главный тренер - Карло Анчелотти.', 2, b'0'),
(63, '43-35', '31', '12', 'Астон Вилла', '6', 45, '13', 'http://football.kulichki.net/england/logo/Aston_Villa.jpg', 'Главный тренер - Микель Артета.', 2, b'0'),
(64, '49-49', '31', '14', 'Лидс', '3', 45, '14', 'http://football.kulichki.net/england/logo/Arsenal.jpg', 'Главный тренер - Марсело Бьелса', 2, b'0'),
(65, '43-33', '30', '12', 'Кристал Пэлас', '5', 44, '13', 'http://football.kulichki.net/england/logo/Leeds.png', 'Главный тренер - Дин Смит.', 2, b'0'),
(66, '31-41', '31', '13', 'Саутгемптон', '8', 38, '10', 'http://football.kulichki.net/england/logo/Crystal_Palace.jpg', 'Главный тренер - Нуну Эшпириту Санту', 2, b'0'),
(67, '33-52', '31', '13', 'Вулверхэмптон', '8', 38, '10', 'http://football.kulichki.net/england/logo/Southampton.png', 'Главный тренер - Рой Ходжсон', 2, b'0'),
(68, '39-56', '31', '15', 'Бернли', '6', 36, '10', 'http://football.kulichki.net/england/logo/Wolverhampton.jpg', 'Главный тренер - Ральф Хазенхюттль', 2, b'0'),
(69, '33-38', '31', '12', 'Брайтон', '12', 33, '7', 'http://football.kulichki.net/england/logo/Burnley.jpg', 'Главный тренер - Грэм Поттер', 2, b'0'),
(70, '25-42', '31', '14', 'Ньюкасл', '9', 33, '8', 'http://football.kulichki.net/england/logo/Brighton.jpg', 'Главный тренер - Шон Дайч', 2, b'0'),
(71, '32-51', '31', '15', 'Фулхэм', '8', 32, '8', 'http://football.kulichki.net/england/logo/Newcastle.jpg', 'Главный тренер - Стив Брюс', 2, b'0'),
(72, '24-42', '32', '16', 'Вест Бромвич', '11', 26, '5', 'http://football.kulichki.net/england/logo/Fulham.jpg', 'Главный тренер - Скотт Паркер', 2, b'0'),
(73, '28-59', '31', '17', 'Шеффилд Юнайтед', '9', 24, '5', 'http://football.kulichki.net/england/logo/West_Bromwich.jpg', 'Главный тренер - Сэм Эллардайс.', 2, b'0'),
(74, '17-55', '31', '25', 'Кайрат', '2', 14, '4', 'http://football.kulichki.net/england/logo/SheffieldUnited.jpg', 'Главный тренер - Алексей Шпилевский', 2, b'0'),
(75, '11-5', '4', '0', 'Ордабасы', '2', 8, '2', 'https://football.kulichki.net/kz/logo/Kairat.jpg', 'Главный тренер - Андрей Тихонов.', 2, b'0'),
(76, '9-4', '4', '0', 'Астана', '2', 8, '2', 'https://football.kulichki.net/kz/logo/Ordabasy.jpg', 'Главный тренер - Вардан Минасян.', 2, b'0'),
(77, '6-2', '4', '0', 'Тобол', '2', 8, '2', 'https://football.kulichki.net/kz/logo/Astana.jpg', 'Главный тренер - Григорий Бабаян.', 2, b'0'),
(78, '8-5', '3', '0', 'Тараз', '1', 7, '2', 'https://football.kulichki.net/kz/logo/Tobol.jpg', 'Главный тренер - Александр Седнев.', 2, b'0'),
(79, '4-2', '4', '1', 'Кызыл-Жар СК', '1', 7, '2', 'https://football.kulichki.net/kz/logo/Kyzylzhar.jpg', 'Главный тренер - Андрей Карпович.', 2, b'0'),
(80, '11-8', '5', '0', 'Каспий', '3', 6, '2', 'https://football.kulichki.net/kz/logo/Caspiy.jpg', 'Главный тренер - Срджан Благоевич.', 2, b'0'),
(81, '4-6', '5', '3', 'Акжайык', '0', 6, '2', 'https://football.kulichki.net/kz/logo/Akzhayik.jpg', 'Главный тренер - Султан Абильдаев.', 2, b'0'),
(82, '4-5', '4', '2', 'Актобе', '1', 4, '1', 'https://football.kulichki.net/kz/logo/Aktobe.jpg', 'Главный тренер - Алексей Бага.', 2, b'0'),
(83, '5-8', '4', '2', 'Туран', '1', 4, '1', 'https://football.kulichki.net/kz/logo/Turan.jpg', 'Главный тренер - Владимир Мазяр.', 2, b'0'),
(84, '4-11', '4', '2', 'Кайсар', '2', 2, '0', 'https://football.kulichki.net/kz/logo/Kaisar.jpg', 'Главный тренер - Бурибаев Абдухалик.', 2, b'0'),
(85, '3-6', '4', '3', 'Жетысу', '0', 0, '1', 'https://football.kulichki.net/kz/logo/Zhetysu.jpg', 'Главный тренер - Ринат Алюетов.', 2, b'0'),
(86, '2-10', '5', '4', 'Шахтёр', '0', 0, '1', 'https://football.kulichki.net/kz/logo/Shakhter.jpg', 'Главный тренер - Али Алиев.', 2, b'0'),
(87, '3-11', '4', '4', 'Атырау', '0', 0, '0', 'https://football.kulichki.net/kz/logo/Atyrau.jpg', 'Главный тренер - Арам Восканян', 2, b'0'),
(88, '53-19', '32', '3', 'Лилль', '9', 69, '20', 'http://football.kulichki.net/france/logo/Lille.jpg', 'Главный тренер - Кристоф Галтье', 2, b'0'),
(89, '71-23', '32', '8', 'ПСЖ', '3', 66, '21', 'http://football.kulichki.net/france/logo/PSG.jpg', 'Главный тренер - Маурисио Почеттино', 2, b'0'),
(90, '67-38', '32', '7', 'Монако', '5', 65, '20', 'http://football.kulichki.net/france/logo/Monaco.jpg', 'Главный тренер - Нико Ковач', 2, b'0'),
(91, '63-31', '32', '4', 'Лион', '10', 64, '18', 'http://football.kulichki.net/france/logo/Lyon.jpg', 'Главный тренер - Руди Гарсия', 2, b'0'),
(92, '51-44', '32', '8', 'Ланс', '10', 52, '14', 'http://football.kulichki.net/france/logo/Lens.jpg', 'Главный тренер - Франк Эс', 2, b'0'),
(93, '43-39', '32', '9', 'Марсель', '10', 49, '13', 'http://football.kulichki.net/france/logo/Marseil.jpg', 'Главный тренер - Хорхе Сампаоли', 2, b'0'),
(94, '40-35', '32', '10', 'Ренн', '9', 48, '13', 'http://football.kulichki.net/france/logo/Rennais.jpg', 'Главный тренер - Бруно Женезио', 2, b'0'),
(95, '52-53', '32', '10', 'Монпелье', '10', 46, '12', 'http://football.kulichki.net/france/logo/Montpellier.jpg', 'Главный тренер - Мишель Тер-Закарян', 2, b'0'),
(96, '41-42', '32', '13', 'Мец', '7', 43, '12', 'http://football.kulichki.net/france/logo/Metz.jpg', 'Главный тренер - Адриан Урси.', 2, b'0'),
(97, '36-38', '32', '12', 'Ницца', '9', 42, '11', 'http://football.kulichki.net/france/logo/Nice.jpg', 'Главный тренер - Фредерик Антонетти', 2, b'0'),
(98, '34-47', '32', '13', 'Анже', '8', 41, '11', 'http://football.kulichki.net/france/logo/Angers.jpg', 'Главный тренер - Стефан Мулен.', 2, b'0'),
(99, '38-38', '32', '10', 'Реймс', '13', 40, '9', 'http://football.kulichki.net/france/logo/Reims.jpg', 'Главный тренер - Давид Гийон.', 2, b'0'),
(100, '36-47', '32', '13', 'Страсбур', '9', 39, '10', 'http://football.kulichki.net/france/logo/Strasbourg.jpg', 'Главный тренер - Клод Пюэль.', 2, b'0'),
(101, '41-50', '32', '16', 'Бордо', '6', 36, '10', 'http://football.kulichki.net/france/logo/Bordo.jpg', 'Главный тренер - Тьерри Лори', 2, b'0'),
(102, '35-45', '32', '16', 'Сент-Этьен', '6', 36, '10', 'http://football.kulichki.net/france/logo/Saint-Etienne.jpg', 'Главный тренер - Жан-Луи Гассе', 2, b'0'),
(103, '44-55', '32', '16', 'Брест', '6', 36, '10', 'http://football.kulichki.net/france/logo/Brest.jpg', 'Главный тренер - Оливье Далль’Ольо', 2, b'0'),
(104, '38-57', '32', '16', 'Лорьян', '8', 32, '8', 'http://football.kulichki.net/france/logo/Lorient.jpg', 'Главный тренер - Кристоф Пелиссье', 2, b'0'),
(105, '31-59', '32', '18', 'Ним', '6', 30, '8', 'http://football.kulichki.net/france/logo/Nimes.jpg', 'Главный тренер - Паскаль Планк (и.о.).', 2, b'0'),
(106, '31-49', '32', '14', 'Нант', '13', 28, '5', 'http://football.kulichki.net/france/logo/Nantes.jpg', 'Главный тренер - Антуан Комбуаре', 2, b'0'),
(107, '20-56', '32', '21', 'Дижон', '9', 15, '2', 'http://football.kulichki.net/france/logo/Dijon.jpg', 'Главный тренер - Давид Линарес.', 2, b'0'),
(108, '69-27', '30', '2', 'Интер', '5', 74, '23', 'http://football.kulichki.net/italy/logo/Inter.jpg', 'Главный тренер - Антонио Конте', 2, b'0'),
(109, '57-35', '30', '5', 'Милан', '6', 63, '19', 'http://football.kulichki.net/italy/logo/Milan.jpg', 'Главный тренер - Стефано Пиоли', 2, b'0'),
(110, '61-27', '30', '4', 'Ювентус', '8', 62, '18', 'http://football.kulichki.net/italy/logo/Juventus.jpg', 'Главный тренер - Андреа Пирло', 2, b'0'),
(111, '71-38', '30', '5', 'Аталанта', '7', 61, '18', 'http://football.kulichki.net/italy/logo/Atalanta.jpg', 'Главный тренер - Джан Пьеро Гасперини', 2, b'0'),
(112, '65-34', '30', '9', 'Наполи', '2', 59, '19', 'http://football.kulichki.net/italy/logo/Napoli.jpg', 'Главный тренер - Дженнаро Гаттузо', 2, b'0'),
(113, '46-38', '29', '8', 'Лацио', '4', 55, '17', 'http://football.kulichki.net/italy/logo/Lazio.jpg', 'Главный тренер - Симоне Индзаги', 2, b'0'),
(114, '54-44', '30', '8', 'Рома', '6', 54, '16', 'http://football.kulichki.net/italy/logo/Roma.jpg', 'Главный тренер - Паулу Фонсека', 2, b'0'),
(115, '49-48', '30', '9', 'Верона', '10', 43, '11', 'http://football.kulichki.net/italy/logo/Verona.jpg', 'Главный тренер - Роберто Де Дзерби.', 2, b'0'),
(116, '38-35', '30', '11', 'Сассуоло', '8', 41, '11', 'http://football.kulichki.net/italy/logo/Sassuolo.jpg', 'Главный тренер - Иван Юрич', 2, b'0'),
(117, '39-45', '30', '14', 'Сампдория', '6', 36, '10', 'http://football.kulichki.net/italy/logo/Sampdoria.jpg', 'Главный тренер - Клаудио Раньери', 2, b'0'),
(118, '39-46', '30', '14', 'Болонья', '7', 34, '9', 'http://football.kulichki.net/italy/logo/Bologna.jpg', 'Главный тренер - Синиша Михайлович', 2, b'0'),
(119, '32-40', '30', '13', 'Удинезе', '9', 33, '8', 'http://football.kulichki.net/italy/logo/Udinese.jpg', 'Главный тренер - Лука Готти', 2, b'0'),
(120, '32-44', '30', '12', 'Дженоа', '11', 32, '7', 'http://football.kulichki.net/italy/logo/Genoa.jpg', 'Главный тренер - Давиде Баллардини.', 2, b'0'),
(121, '40-55', '30', '14', 'Фиорентина', '8', 32, '8', 'http://football.kulichki.net/italy/logo/Fiorentina.jpg', 'Главный тренер - Винченцо Итальяно', 2, b'0'),
(122, '38-49', '30', '14', 'Беневенто', '9', 30, '7', 'http://football.kulichki.net/italy/logo/Benevento.jpg', 'Главный тренер - Джузеппе Якини', 2, b'0'),
(123, '30-55', '30', '14', 'Специя', '9', 30, '7', 'https://football.kulichki.net/italy/logo/Spezia.jpg', 'Главный тренер - Филиппо Индзаги', 2, b'0'),
(124, '42-52', '29', '12', 'Торино', '12', 27, '5', 'http://football.kulichki.net/italy/logo/Torino.jpg', 'Главный тренер - Давиде Никола', 2, b'0'),
(125, '31-51', '30', '18', 'Кальяри', '7', 22, '5', 'http://football.kulichki.net/italy/logo/Cagliari.jpg', 'Главный тренер - Леонардо Семпличи', 2, b'0'),
(126, '29-59', '30', '16', 'Парма', '11', 20, '3', 'http://football.kulichki.net/italy/logo/Parma.jpg', 'Главный тренер - Роберто Д`Аверса', 2, b'0'),
(127, '37-77', '30', '23', 'Кротоне', '3', 15, '4', 'http://football.kulichki.net/italy/logo/Crotone.jpg', 'Главный тренер - Серсе Косми', 2, b'0');

-- --------------------------------------------------------

--
-- Структура таблицы `club_players`
--

CREATE TABLE `club_players` (
  `club_id` bigint(20) NOT NULL,
  `players_id` bigint(20) NOT NULL
) ENGINE=InnoDB DEFAULT CHARSET=utf8;

--
-- Дамп данных таблицы `club_players`
--

INSERT INTO `club_players` (`club_id`, `players_id`) VALUES
(14, 242),
(14, 243),
(14, 244),
(14, 245),
(14, 246),
(14, 247),
(14, 248),
(14, 249),
(14, 250),
(14, 251),
(14, 252),
(14, 253),
(14, 254),
(14, 255),
(14, 256),
(14, 257),
(14, 258),
(14, 259),
(14, 260),
(14, 261),
(14, 262),
(14, 263),
(14, 264),
(14, 265),
(14, 266),
(14, 267),
(14, 268),
(14, 269),
(14, 270),
(14, 271),
(14, 272),
(14, 273),
(14, 274),
(55, 1),
(55, 2),
(55, 3),
(55, 4),
(55, 5),
(55, 6),
(55, 7),
(55, 8),
(55, 9),
(55, 10),
(55, 11),
(55, 12),
(55, 13),
(55, 14),
(55, 15),
(55, 16),
(55, 17),
(55, 18),
(55, 19),
(55, 20),
(55, 21),
(55, 22),
(55, 23),
(55, 24),
(55, 25),
(55, 26),
(55, 27),
(55, 28),
(55, 29),
(55, 30),
(55, 31),
(56, 32),
(56, 33),
(56, 34),
(56, 35),
(56, 36),
(56, 37),
(56, 38),
(56, 39),
(56, 40),
(56, 41),
(56, 42),
(56, 43),
(56, 44),
(56, 45),
(56, 46),
(56, 47),
(56, 48),
(56, 49),
(56, 50),
(56, 51),
(56, 52),
(56, 53),
(56, 54),
(56, 55),
(56, 56),
(56, 57),
(56, 58),
(56, 59),
(56, 60),
(56, 61),
(57, 62),
(57, 63),
(57, 64),
(57, 65),
(57, 66),
(57, 67),
(57, 68),
(57, 69),
(57, 70),
(57, 71),
(57, 72),
(57, 73),
(57, 74),
(57, 75),
(57, 76),
(57, 77),
(57, 78),
(57, 79),
(57, 80),
(57, 81),
(57, 82),
(57, 83),
(57, 84),
(57, 85),
(57, 86),
(57, 87),
(57, 88),
(57, 89),
(57, 90),
(57, 91),
(57, 92),
(58, 93),
(58, 94),
(58, 95),
(58, 96),
(58, 97),
(58, 98),
(58, 99),
(58, 100),
(58, 101),
(58, 102),
(58, 103),
(58, 104),
(58, 105),
(58, 106),
(58, 107),
(58, 108),
(58, 109),
(58, 110),
(58, 111),
(58, 112),
(58, 113),
(58, 114),
(58, 115),
(58, 116),
(58, 117),
(58, 118),
(58, 119),
(58, 120),
(58, 121),
(58, 122),
(59, 123),
(59, 124),
(59, 125),
(59, 126),
(59, 127),
(59, 128),
(59, 129),
(59, 130),
(59, 131),
(59, 132),
(59, 133),
(59, 134),
(59, 135),
(59, 136),
(59, 137),
(59, 138),
(59, 139),
(59, 140),
(59, 141),
(59, 142),
(59, 143),
(59, 144),
(59, 145),
(59, 146),
(59, 147),
(59, 148),
(59, 149),
(59, 150),
(59, 151),
(60, 184),
(60, 185),
(60, 186),
(60, 187),
(60, 188),
(60, 189),
(60, 190),
(60, 191),
(60, 192),
(60, 193),
(60, 194),
(60, 195),
(60, 196),
(60, 197),
(60, 198),
(60, 199),
(60, 200),
(60, 201),
(60, 202),
(60, 203),
(60, 204),
(60, 205),
(60, 206),
(60, 207),
(60, 208),
(60, 209),
(60, 210),
(61, 152),
(61, 153),
(61, 154),
(61, 155),
(61, 156),
(61, 157),
(61, 158),
(61, 159),
(61, 160),
(61, 161),
(61, 162),
(61, 163),
(61, 164),
(61, 165),
(61, 166),
(61, 167),
(61, 168),
(61, 169),
(61, 170),
(61, 171),
(61, 172),
(61, 173),
(61, 174),
(61, 175),
(61, 176),
(61, 177),
(61, 178),
(61, 179),
(61, 180),
(61, 181),
(61, 182),
(61, 183),
(62, 211),
(62, 212),
(62, 213),
(62, 214),
(62, 215),
(62, 216),
(62, 217),
(62, 218),
(62, 219),
(62, 220),
(62, 221),
(62, 222),
(62, 223),
(62, 224),
(62, 225),
(62, 226),
(62, 227),
(62, 228),
(62, 229),
(62, 230),
(62, 231),
(62, 232),
(62, 233),
(62, 234),
(62, 235),
(62, 236),
(62, 237),
(62, 238),
(62, 239),
(62, 240),
(62, 241),
(63, 303),
(63, 304),
(63, 305),
(63, 306),
(63, 307),
(63, 308),
(63, 309),
(63, 310),
(63, 311),
(63, 312),
(63, 313),
(63, 314),
(63, 315),
(63, 316),
(63, 317),
(63, 318),
(63, 319),
(63, 320),
(63, 321),
(63, 322),
(63, 323),
(63, 324),
(63, 325),
(63, 326),
(63, 327),
(63, 328),
(63, 329),
(64, 275),
(64, 276),
(64, 277),
(64, 278),
(64, 279),
(64, 280),
(64, 281),
(64, 282),
(64, 283),
(64, 284),
(64, 285),
(64, 286),
(64, 287),
(64, 288),
(64, 289),
(64, 290),
(64, 291),
(64, 292),
(64, 293),
(64, 294),
(64, 295),
(64, 296),
(64, 297),
(64, 298),
(64, 299),
(64, 300),
(64, 301),
(64, 302),
(65, 363),
(65, 364),
(65, 365),
(65, 366),
(65, 367),
(65, 368),
(65, 369),
(65, 370),
(65, 371),
(65, 372),
(65, 373),
(65, 374),
(65, 375),
(65, 376),
(65, 377),
(65, 378),
(65, 379),
(65, 380),
(65, 381),
(65, 382),
(65, 383),
(65, 384),
(65, 385),
(65, 386),
(65, 387),
(65, 388),
(65, 389),
(65, 390),
(65, 391),
(66, 392),
(66, 393),
(66, 394),
(66, 395),
(66, 396),
(66, 397),
(66, 398),
(66, 399),
(66, 400),
(66, 401),
(66, 402),
(66, 403),
(66, 404),
(66, 405),
(66, 406),
(66, 407),
(66, 408),
(66, 409),
(66, 410),
(66, 411),
(66, 412),
(66, 413),
(66, 414),
(66, 415),
(66, 416),
(66, 417),
(66, 418),
(66, 419),
(67, 330),
(67, 331),
(67, 332),
(67, 333),
(67, 334),
(67, 335),
(67, 336),
(67, 337),
(67, 338),
(67, 339),
(67, 340),
(67, 341),
(67, 342),
(67, 343),
(67, 344),
(67, 345),
(67, 346),
(67, 347),
(67, 348),
(67, 349),
(67, 350),
(67, 351),
(67, 352),
(67, 353),
(67, 354),
(67, 355),
(67, 356),
(67, 357),
(67, 358),
(67, 359),
(67, 360),
(67, 361),
(67, 362),
(68, 420),
(68, 421),
(68, 422),
(68, 423),
(68, 424),
(68, 425),
(68, 426),
(68, 427),
(68, 428),
(68, 429),
(68, 430),
(68, 431),
(68, 432),
(68, 433),
(68, 434),
(68, 435),
(68, 436),
(68, 437),
(68, 438),
(68, 439),
(68, 440),
(68, 441),
(68, 442),
(68, 443),
(68, 444),
(68, 445),
(68, 446),
(68, 447),
(68, 448),
(69, 449),
(69, 450),
(69, 451),
(69, 452),
(69, 453),
(69, 454),
(69, 455),
(69, 456),
(69, 457),
(69, 458),
(69, 459),
(69, 460),
(69, 461),
(69, 462),
(69, 463),
(69, 464),
(69, 465),
(69, 466),
(69, 467),
(69, 468),
(69, 469),
(69, 470),
(69, 471),
(69, 472),
(69, 473),
(69, 474),
(69, 475),
(69, 476),
(69, 477),
(69, 478),
(69, 479),
(69, 480),
(69, 481),
(69, 482),
(70, 483),
(70, 484),
(70, 485),
(70, 486),
(70, 487),
(70, 488),
(70, 489),
(70, 490),
(70, 491),
(70, 492),
(70, 493),
(70, 494),
(70, 495),
(70, 496),
(70, 497),
(70, 498),
(70, 499),
(70, 500),
(70, 501),
(70, 502),
(70, 503),
(70, 504),
(70, 505),
(70, 506),
(70, 507),
(70, 508),
(70, 509),
(70, 510),
(70, 511),
(70, 512),
(71, 513),
(71, 514),
(71, 515),
(71, 516),
(71, 517),
(71, 518),
(71, 519),
(71, 520),
(71, 521),
(71, 522),
(71, 523),
(71, 524),
(71, 525),
(71, 526),
(71, 527),
(71, 528),
(71, 529),
(71, 530),
(71, 531),
(71, 532),
(71, 533),
(71, 534),
(71, 535),
(71, 536),
(71, 537),
(71, 538),
(71, 539),
(71, 540),
(71, 541),
(71, 542),
(72, 543),
(72, 544),
(72, 545),
(72, 546),
(72, 547),
(72, 548),
(72, 549),
(72, 550),
(72, 551),
(72, 552),
(72, 553),
(72, 554),
(72, 555),
(72, 556),
(72, 557),
(72, 558),
(72, 559),
(72, 560),
(72, 561),
(72, 562),
(72, 563),
(72, 564),
(72, 565),
(72, 566),
(72, 567),
(72, 568),
(72, 569),
(72, 570),
(72, 571),
(73, 572),
(73, 573),
(73, 574),
(73, 575),
(73, 576),
(73, 577),
(73, 578),
(73, 579),
(73, 580),
(73, 581),
(73, 582),
(73, 583),
(73, 584),
(73, 585),
(73, 586),
(73, 587),
(73, 588),
(73, 589),
(73, 590),
(73, 591),
(73, 592),
(73, 593),
(73, 594),
(73, 595),
(73, 596),
(73, 597),
(73, 598),
(73, 599),
(73, 600),
(73, 601);

-- --------------------------------------------------------

--
-- Структура таблицы `liga`
--

CREATE TABLE `liga` (
  `id` bigint(20) NOT NULL,
  `bombardir` varchar(255) DEFAULT NULL,
  `budjet` bigint(20) DEFAULT NULL,
  `country` varchar(255) DEFAULT NULL,
  `description` varchar(255) DEFAULT NULL,
  `name` varchar(255) DEFAULT NULL,
  `score` bigint(20) DEFAULT NULL,
  `year` int(11) DEFAULT NULL,
  `img` varchar(255) DEFAULT NULL
) ENGINE=InnoDB DEFAULT CHARSET=utf8;

--
-- Дамп данных таблицы `liga`
--

INSERT INTO `liga` (`id`, `bombardir`, `budjet`, `country`, `description`, `name`, `score`, `year`, `img`) VALUES
(1, 'Lionel Messi', 20000000, 'Spain', 'Good Liga in the world', 'La Liga', 50000, 1889, 'https://iscreativestudio.com/wp-content/uploads/2016/08/logotipos4.jpg'),
(2, 'Vlacic', 10000000, 'Russian', 'Good liga in the SNG', 'Premier liga', 40000, 1990, 'https://upload.wikimedia.org/wikipedia/ru/9/92/Russian_Premier_League_Logo.png'),
(3, NULL, 50000000, 'Germany', 'Good liga in the SNG', 'Bundesliga', 40000, 1990, 'https://upload.wikimedia.org/wikipedia/en/d/df/Bundesliga_logo_%282017%29.svg'),
(4, NULL, 80000000, 'England', 'Good liga in the SNG', 'APL', 40000, 1990, 'https://ruvod.com/wp-content/uploads/2018/06/epl-420x280.jpg'),
(5, NULL, 60000000, 'Kazakhstan', 'Good liga in the SNG', 'KPL', 40000, 1990, 'https://upload.wikimedia.org/wikipedia/ru/thumb/d/df/Premjer-Liga_Kasachstan.svg/1200px-Premjer-Liga_Kasachstan.svg.png'),
(6, NULL, 30000000, 'Italy', 'Good liga in the SNG', 'Seria A', 40000, 1990, 'https://i.pinimg.com/474x/2e/86/50/2e86505cb4d1d37b4a40a30b3162169a.jpg'),
(7, NULL, 40000000, 'France', 'Good liga in the SNG', 'Ligue 1', 40000, 1990, 'https://pngimage.net/wp-content/uploads/2018/06/france-ligue-1-logo-png-4.png');

-- --------------------------------------------------------

--
-- Структура таблицы `liga_clubs`
--

CREATE TABLE `liga_clubs` (
  `liga_id` bigint(20) NOT NULL,
  `clubs_id` bigint(20) NOT NULL
) ENGINE=InnoDB DEFAULT CHARSET=utf8;

--
-- Дамп данных таблицы `liga_clubs`
--

INSERT INTO `liga_clubs` (`liga_id`, `clubs_id`) VALUES
(1, 17),
(1, 18),
(1, 19),
(1, 20),
(1, 21),
(1, 22),
(1, 23),
(1, 24),
(1, 25),
(1, 26),
(1, 27),
(1, 28),
(1, 29),
(1, 30),
(1, 31),
(1, 32),
(1, 33),
(1, 34),
(1, 35),
(1, 36),
(2, 1),
(2, 2),
(2, 3),
(2, 4),
(2, 5),
(2, 6),
(2, 7),
(2, 8),
(2, 9),
(2, 10),
(2, 11),
(2, 12),
(2, 13),
(2, 14),
(2, 15),
(2, 16),
(3, 37),
(3, 38),
(3, 39),
(3, 40),
(3, 41),
(3, 42),
(3, 43),
(3, 44),
(3, 45),
(3, 46),
(3, 47),
(3, 48),
(3, 49),
(3, 50),
(3, 51),
(3, 52),
(3, 53),
(3, 54),
(4, 55),
(4, 56),
(4, 57),
(4, 58),
(4, 59),
(4, 60),
(4, 61),
(4, 62),
(4, 63),
(4, 64),
(4, 65),
(4, 66),
(4, 67),
(4, 68),
(4, 69),
(4, 70),
(4, 71),
(4, 72),
(4, 73),
(5, 74),
(5, 75),
(5, 76),
(5, 77),
(5, 78),
(5, 79),
(5, 80),
(5, 81),
(5, 82),
(5, 83),
(5, 84),
(5, 85),
(5, 86),
(5, 87),
(6, 108),
(6, 109),
(6, 110),
(6, 111),
(6, 112),
(6, 113),
(6, 114),
(6, 115),
(6, 116),
(6, 117),
(6, 118),
(6, 119),
(6, 120),
(6, 121),
(6, 122),
(6, 123),
(6, 124),
(6, 125),
(6, 126),
(6, 127),
(7, 88),
(7, 89),
(7, 90),
(7, 91),
(7, 92),
(7, 93),
(7, 94),
(7, 95),
(7, 96),
(7, 97),
(7, 98),
(7, 99),
(7, 100),
(7, 101),
(7, 102),
(7, 103),
(7, 104),
(7, 105),
(7, 106),
(7, 107);

-- --------------------------------------------------------

--
-- Структура таблицы `news`
--

CREATE TABLE `news` (
  `id` bigint(20) NOT NULL,
  `date` date DEFAULT current_timestamp(),
  `description` text DEFAULT NULL,
  `name` varchar(255) DEFAULT NULL,
  `url` varchar(255) DEFAULT NULL,
  `big` bit(1) DEFAULT NULL
) ENGINE=InnoDB DEFAULT CHARSET=utf8;

--
-- Дамп данных таблицы `news`
--

INSERT INTO `news` (`id`, `date`, `description`, `name`, `url`, `big`) VALUES
(191, '2021-05-05', 'Впервые под руководством Хосепа Гвардиолы и в своей новейшей истории «Манчестер Сити» вышел в финал Лиги чемпионов – достижение, которого добился «ПСЖ» в прошлом году. Теперь же «горожане» именно парижан остановили на этом пути. И если в первом матче были вопросы относительно того, кто же выглядел лучше – там разделилось все по таймам – то тут сомнений не возникало. «ПСЖ» ударно провел лишь первые десять минут. А потом все контролировали англичане, которые регулировали прессинг, порой задирая его опасно до Наваса, которые держали мяч, раскатывая его у чужой штрафной, которые использовали максимально свободное пространство. Гол Махреза на 11-й минуте облегчил задачу «Сити» и добавил ему уверенности в этом контроле. Развить успех получилось на 63-й минуте, поймав на контратаке парижан. А через несколько минут они начали срываться, фолить, психовать, понимая всю безнадежность положения. Остались в меньшинстве после удаления Ди Марии и бесславно покинули турнир.', '\"МАНЧЕСТЕР СИТИ\" СТАЛ ПЕРВЫМ ФИНАЛИСТОМ ЛИГИ ЧЕМПИОНОВ.', 'https://football.kulichki.net/photo/23405.jpg', b'1'),
(192, '2021-05-05', 'Очень недолго без работы находился один из самых известных и эксцентричных тренеров в мировом футболе. Жозе Моуринью достаточно неожиданно договорился о контракте с итальянской \"Ромой\", которую португальский специалист должен возглавить летом. \"Особенный\" сменит в римской команде своего соотечественника Паулу Фонсеку, у которого явно что-то пошло не по плану в последнее время. Несмотря на более-менее успешное выступление \"Ромы\" в еврокубках, ибо полуфинал Лиги Европы назвать провалом язык не поворачивается, в национальном первенстве у \"волков\" все довольно печально. Если римляне смогут по итогам этого сезона отобраться хотя бы в Лигу конференций и не упустят седьмую строчку, то это уже можно будет считать большим успехом. Сможет ли Моуринью реанимировать свою карьеру и вернуть былое величие клубу, где выступали Тотти и Де Росси? Узнаем уже в ближайшее время, но, если честно, верится в успех этого тандема с большим трудом. Римские каникулы Фонсеки', 'ВОЗВРАЩЕНИЕ В ИТАЛИЮ ЖОЗЕ МОУРИНЬЮ.', 'https://football.kulichki.net/photo/23404.jpg', b'0'),
(193, '2021-05-05', 'На прошлой неделе ни в Испании, ни в Италии, ни во Франции российские легионеры на поле не выходили. Денис Черышев угодил в запас \"Валенсии\", Александр Головин сдал положительный тест на коронавирус, а Алексей Миранчук так и не получил игрового времени, так как \"Аталанта\" во встрече с \"Сассуоло\" долгое время играла в меньшинстве. Зато, наконец, вернулся в строй Александр Кокорин. Вполне возможно, что ему ещё доведётся сыграть за \"Фиорентину\" в этом сезоне. В Португалии выдал очередной убедительный матч Станислав Крицюк. Опытный голкипер \"Белененсеша\" в матче с \"Пасуш де Феррейрой\" не дал себя пробить с игры, но в концовке пропустил с пенальти. Хотя был близок к тому, чтобы отразить и этот удар. По итогам апреля Крицюк по версии одного из португальских изданий попал в символическую сборную чемпионата Португалии. В Турции Фёдор Кудряшов провёл противоречивый матч за \"Антальяспор\". В поединке с \"Гезтепе\" опытный защитник хорошо подключался к атакам, но вот в обороне сыграл куда менее убедительно. В Германии Александр Жиров отметился автоголом. Его \"Зандхаузен\" претендовал на четвёртую победу подряд, однако после неудачной срезки российского защитника всё у команды пошло наперекосяк, и она уступила. В Дании заставил о себе говорить в восторженных тонах Герман Онугха. Его \"Вайле\" уступал со счётом 0:3, однако 24-летний нападающий отметился хет-триком всего за 27 минут и вырвал для своей команды ничью. Любопытно, что в чемпионате Дании никто не забивал три мяча после выхода на замену с 2017-го года. Между тем, ПАС Юрия Лодыгина не удалось пробиться в финал Кубка Греции. В ответном полуфинале клуб из Янины уступил \"Олимпиакосу\" 1:3, несмотря на несколько спасений российского голкипера. В Южной Корее прервал безголевую серию Станислав Ильюченко, который остался во главе гонки бомбардиров К-Лиги.', 'ХЕТ-ТРИК ОНУГХИ И АВТОГОЛ ЖИРОВА.', 'https://football.kulichki.net/photo/23403.jpg', b'0'),
(194, '2021-05-05', 'Традиционная рубрика \"За пределами ФНК\" каждую неделю рассказывает всё самое интересное, что происходило на территории футбольных Англии (чемпионшип), Бельгии, Китая и Чехии. Скоро добавится и солнечная Бразилия - старт чемпионата намечен на 30 мая. Пока же завершаются сезоны на полях Европы. Чемпионшип практически доиграл рекордные 46 туров, остался последний шаг. После 45-го игрового дня определился победитель сезона - \"Норвич\", обладатель второй прямой путёвки в АПЛ - \"Уотфорд\", и четыре команды, которые разыграют ещё одно повышение в классе через плей-офф. За третье место поборются \"Брентфорд\", \"Суонси\", \"Борнмут\" и \"Барнсли\". На самый \"горячий\" отрезок выходит и чемпионат Бельгии. Завершился регулярный сезон и четыре лучшие команды отобрались в чемпионский плей-офф. В первом же туре \"Андерлехт\" Венсана Компани отобрал очки у \"Брюгге\" в бельгийском эль-класико, а \"Генк\" в результативном матче переиграл \"Антверпен\". Дальше только интереснее. Чемпионат Китая пока разгоняется и выводы делать рано, но можно сказать, что дебют у Славена Билича не удался. Его \"Бэйцзин Гоань\" проиграл второй матч подряд и замыкает турнирную таблицу группы В. Зато отлично идут дела у \"Шанхай СИПГ\", который покинул Халк и тащит Оскар. И снова возвращаемся мы в Европу, чтобы поздравить \"Славию\" с седьмым чемпионским титулом. За четыре тура до финиша команда Трпишовски стала недосягаема для соперников. Золотой матч вышел очень красивым, со счётом 5:1 пражане разбили \"Викторию\". \"Яблонец\" проигрывает 16 очков и теперь думает лишь об одном - как же удержать вторую строчку. Подпирает команду Рады \"Спарта\" Павла Врба, отстающая на три бала, но имеющая матч в запасе. Ну довольно демагогии, давайте же подробнее разберём каждый из перечисленных чемпионатов.', 'ЗА ПРЕДЕЛАМИ ФНК. ОБЗОР ИГРОВОГО УИК-ЭНДА.', 'https://football.kulichki.net/photo/23402.jpg', b'1'),
(195, '2021-05-05', 'Питерцы обыграли в центральном матче тура «Локомотив», создавший у некоторых иллюзию чемпионской гонки своим мощным весенним спуртом. В очном противостоянии игра прошла в одну калитку – «Зенит» уничтожил конкурента, забив пять за 50 минут. Команда Семака не знает равных дома, но пора доказывать силу на внешней арене. «Локомотив» помимо потери призрачных шансов на «золото» и ощутимого удара по самолюбию пропустил вперёд «Спартак» в гонке за «серебро» и Лигу чемпионов. «Красно-белые» со скрипом победили в Туле. Борьба за выживание тоже обострилась – туляки не набрали очков, «Уфа» увезла из гостей у ЦСКА только одно, а «Ротор» обыграл дома «Ахмат» и настиг уфимцев. Немотивированные «Химки» вдесятером обыграли «Урал», но осечки конкурентов все равно гарантировали «шмелям» сохранение прописки в элите. «Тамбов» же официально вылетел, потерпев очередное поражение в Ростове-на-Дону. «Волки» бодались 70 минут, но потом всё же дрогнули. «Рубин» обыграл прямого конкурента по борьбе за еврокубки – столичное «Динамо», а «Сочи» в южном дерби оказался сильнее «Краснодара». Теперь именно казанцы с «барсами» держатся в пятерке, выпихнув оттуда спотыкающиеся столичные команды.', '\"ЗЕНИТ\" ВЗЯЛ ТРЕТЬЕ \"ЗОЛОТО\" ПОДРЯД.', 'https://football.kulichki.net/photo/23393.jpg', b'0'),
(196, '2021-05-05', 'Из героев прошлого тура своё место в символической сборной сохранил только разыгравшийся под занавес сезона Малком. «Зенит» катком прошёлся по «Локомотиву», взяв третье «золото» подряд, что привело к попаданию сразу четверых игроков питерцев в символическую сборную. Она получилась с креном в атаку при схеме 4-3-3. Тремя футболистами представлен «Сочи», уверенно обыгравший «Краснодар» на его поле.', 'СИМВОЛИЧЕСКАЯ СБОРНАЯ 28-ГО ТУРА ЧЕМПИОНАТА РОССИИ.', 'https://football.kulichki.net/photo/23397.jpg', b'0'),
(197, '2021-05-05', '«Барселона» решила, что интриге быть! Поэтому с легким сердцем проиграла в четверг «Гранаде» в перенесенном матче 31-го тура и чуть не потеряла очки в Валенсии против одноименной команды. Сразу отметим, что Черышев в стартовый состав не попал, да и на замену не вышел. Руководство «Валенсии» так расстроилось из-за Дениса (шутка!), что сразу уволило Хави Грасию, не дожидаясь окончания сезона. Дотащит «летучих мышей» до финишной черты бессменный Воро. Мадридские «Реал» и «Атлетико» также потрепали нервы болельщикам, причем если виктория «сливочных» чистая, то к судьям матча «матрасников» могут быть серьезные претензии относительно пенальти в исполнении «Эльче». «Севилья», похоже, выпадает из чемпионской гонки, проиграв дома «Атлетику», хотя практически все точки над i расставит именно 35-й тур, в котором «Барса» примет «Атлетико», а «Реал» – как раз подопечных Лопетеги. Вообще, тур опять получился малорезультативным: из 19 голов более четверти забили именно на «Месталье», да порадовал «Эйбар», в составе которого хет-триком отличился Кике Гарсия. Виктория басков привнесла интригу и в подвал таблицы. Дела у команды Мендилибара все равно плохи, но если ей удастся одержать пару побед, то как знать, как знать. На два оставшихся билета в Сегунду претендуют сразу 5 коллективов – рубка ожидается нешуточная.', 'ОСТАЛОСЬ ТОЛЬКО ТРОЕ.', 'https://football.kulichki.net/photo/23396.jpg', b'1'),
(198, '2021-05-05', 'У англичан в этом сезоне самый что ни на есть дроблёный чемпионат. Игр, которые переносили за рамки туров, уже не счесть, и тенденция эта продолжается даже сейчас, когда финиш клубного футбольного года не за горами. Но если раньше переносы матчей были связаны с кубковыми играми или другими причинами, связанными сугубо с командами, то теперь появилось ещё одно препятствие – болельщики. Сегодня мы подведём итоги не всего 34-го тура АПЛ, а девяти его матчей из десяти запланированных. Потому что «Манчестер Юнайтед» и «Ливерпуль» свою игру провести не смогли. Поклонники «красных дьяволов», недовольные политикой клубного руководства, устроили протестные акции у «Олд Траффорд» и даже прорвались на само поле. Из соображений безопасности встречу было решено перенести на более поздний срок, что, конечно, совсем не на руку манкунианцам, уже одной ногой шагнувших в финал Лиги Европы. Им бы лучше сыграть с «Ливерпулем» сейчас, когда посреди недели ожидает почти ничего не значащий ответный матч с «Ромой». Но болельщики решили иначе. В Англии они действительно могут на многое повлиять, как и в любой другой стране, где футбол зарождался и существует для его поклонников. Вопрос по новой дате одного из самых принципиальных в Англии противостояний пока остаётся открытым. Мы же поговорим об играх, которые состоялись.', '\"ЗАВИСШЕЕ\" ЧЕМПИОНСТВО \"МАНЧЕСТЕР СИТИ\".', 'https://football.kulichki.net/photo/23395.jpg', b'0'),
(199, '2021-05-05', 'Тридцать четвёртый тур Серии А расставил все точки над «i» в плане борьбы за чемпионский титул. Миланский «Интер» на выезде уверенно расправился с «Кротоне», отправил «акул» в Серию В и досрочно завоевал скудетто. «Аталанта» могла отстрочить праздник дружине Антонио Конте, но бергамаски в драматичном поединке не смогли одолеть крепкий «Сассуоло». С огромным трудом добыл три очка «Ювентус». Туринцы должны сказать огромное спасибо за победу Криштиану Роналду, который оформил дубль. Победили и футболисты «Милана». А вот неаполитанцы под руководством Дженнаро Гаттузо не смогли одолеть «Кальяри». Сардинцы благодаря успехам в последних турах смогли выкарабкаться из зоны вылета, за что им честь и хвала. В очередной раз облажалась «Рома». На этот раз столичный коллектив проиграл «Сампдории». Из других результатов отметим перестрелку в Болонье с рекордным хет-триком ветерана Родриго Паласио, непростую победу «Лацио», а также мир между «Вероной» и «Специей». Досрочное чемпионство «Интера» и победа «Милана»', '\"ИНТЕР\" СТАНОВИТСЯ ЧЕМПИОНОМ.', 'https://football.kulichki.net/photo/23394.jpg', b'0'),
(200, '2021-05-05', 'Стратегически важную победу над «Арсеналом» на выезде одержал «Спартак». Этот успех позволил команде Доменико Тедеско подняться на второе место в РПЛ, опередив «Локомотив». А эта позиция дает путевку в Лигу чемпионов. Правда, еще не все решено, и борьба в значительной степени впереди. Матч в Туле дался «Спартаку» непросто. Москвичи быстро захватили инициативу и играли активнее, с явным преимуществом, что к середине тайма позволило им выйти вперед благодаря голу Соболева. Однако постепенно они сбавили обороты и позволили тулякам активизироваться. «Арсенал» выглядел впереди не очень эффективно и уверенно, но перед самым перерывом счет сравнял благодаря автоголу Кутепова. Во втором тайме нервозности, стыков, пауз и нарушений стало больше, чем ломало картину игры и сбивало ритм. Тем не менее, острее смотрелись гости, которые снова смогли выйти вперед – отличился Ларссон. После этого у «Арсенала» была пара шансов забить, но он ими не воспользовался и уступил.', '\"СПАРТАК\" ВЫХОДИТ НА ВТОРОЕ МЕСТО.', 'https://football.kulichki.net/photo/23390.jpg', b'1'),
(201, '2021-05-05', 'С каждым туром «Астана» укрепляет свои позиции на вершине турнирной таблицы. Команда Андрея Тихонова в отчётный игровой день одержала уже шестую победу кряду и увеличила свой отрыв от второго места до пяти очков. На сей раз столичный клуб уверенно одолел на выезде «Актобе», который после успешного старта заметно сдал. «Астана» уже в первом тайме добилась комфортного перевеса и в дальнейшем преимущества не растеряла. Между тем, у «жёлто-синих» сменился главный преследователь. На вторую строчку вышел «Тобол». В центральном матче 9-го тура КПЛ костанайцы на своём поле разгромили соседа по таблице «Тараз». Жамбыльцы опустились на третью строчку, а могли скатиться и ниже, не упусти «Кайрат» победу в Петропавловске. В матче с «Кызыл-Жаром СК» за алматинцами остался первый тайм, однако затем гости растранжирили множество моментов и в концовке были за это наказаны. Ничья не позволила чемпиону ворваться в первую тройку. Между тем, второе поражение кряду потерпел «Ордабасы». Шымкентцы сенсационно уступили дома «Турану». Для туркестанцев эта победа стала первой в премьер-лиге. А замыкает турнирную таблицу по-прежнему «Жетысу», который проиграл «Акжайыку». Семиреченцы потерпели уже седьмое поражение в девяти матчах.', '\"АСТАНА\" ОТРЫВАЕТСЯ НА ПЯТЬ ОЧКОВ.', 'https://football.kulichki.net/photo/23391.jpg', b'0');

-- --------------------------------------------------------

--
-- Структура таблицы `players`
--

CREATE TABLE `players` (
  `id` bigint(20) NOT NULL,
  `citizen` varchar(255) DEFAULT NULL,
  `date` varchar(255) DEFAULT NULL,
  `games` varchar(255) DEFAULT NULL,
  `goals` varchar(255) DEFAULT NULL,
  `name` varchar(255) DEFAULT NULL,
  `number` varchar(255) DEFAULT NULL,
  `r_card` varchar(255) DEFAULT NULL,
  `y_card` varchar(255) DEFAULT NULL,
  `img` varchar(255) DEFAULT NULL
) ENGINE=InnoDB DEFAULT CHARSET=utf8;

--
-- Дамп данных таблицы `players`
--

INSERT INTO `players` (`id`, `citizen`, `date`, `games`, `goals`, `name`, `number`, `r_card`, `y_card`, `img`) VALUES
(1, 'США', '02.04.1995', '1', '-', 'Зак Стеффен', '13', '-', '-', 'https://football.kulichki.net/playerpics/16387.jpg'),
(2, 'Бразилия', '17.08.1993', '31', '-', 'Эдерсон', '31', '-', '3', 'https://football.kulichki.net/playerpics/8774.jpg'),
(3, 'Англия', '03.09.1985', '-', '-', 'Скотт Карсон', '33', '-', '-', 'https://football.kulichki.net/playerpics/4255.jpg'),
(4, 'Англия', '10.10.2002', '-', '-', 'Джеймс Траффорд', '85', '-', '-', 'https://football.kulichki.net/playerpics/24313.jpg'),
(5, 'Англия', '28.05.1990', '21', '1', 'Кайл Уокер', '2', '-', '1', 'https://football.kulichki.net/playerpics/1510.jpg'),
(6, 'Португалия', '14.05.1997', '28', '1', 'Рубен Диаш', '3', '-', '3', 'https://football.kulichki.net/playerpics/18259.jpg'),
(7, 'Англия', '28.05.1994', '19', '4', 'Джон Стоунз', '5', '-', '-', 'https://football.kulichki.net/playerpics/9258.jpg'),
(8, 'Нидерланды', '18.02.1995', '7', '1', 'Натан Аке', '6', '-', '4', 'https://football.kulichki.net/playerpics/9158.jpg'),
(9, 'Украина', '15.12.1996', '15', '-', 'Александр Зинченко', '11', '-', '-', 'https://football.kulichki.net/playerpics/1906.jpg'),
(10, 'Франция', '27.05.1994', '13', '-', 'Эмерик Ляпорт', '14', '-', '1', 'https://football.kulichki.net/playerpics/9146.jpg'),
(11, 'Франция', '17.07.1994', '10', '2', 'Бенжамен Менди', '22', '-', '2', 'https://football.kulichki.net/playerpics/10762.jpg'),
(12, 'Португалия', '27.05.1994', '24', '1', 'Жоау Канселу', '27', '-', '4', 'https://football.kulichki.net/playerpics/11659.jpg'),
(13, 'Испания', '09.01.2001', '4', '-', 'Эрик Гарсия', '50', '-', '-', 'https://football.kulichki.net/playerpics/20093.jpg'),
(14, 'Англия', '18.09.2003', '-', '-', 'Люк Мбете', '79', '-', '-', 'https://football.kulichki.net/playerpics/24314.jpg'),
(15, 'Германия', '24.10.1990', '24', '12', 'Илкай Гюндоган', '8', '-', '-', 'https://football.kulichki.net/playerpics/4200.jpg'),
(16, 'Испания', '22.06.1996', '28', '1', 'Родри', '16', '-', '4', 'https://football.kulichki.net/playerpics/15009.jpg'),
(17, 'Бельгия', '28.06.1991', '24', '5', 'Кевин де Брейне', '17', '-', '1', 'https://football.kulichki.net/playerpics/8549.jpg'),
(18, 'Португалия', '10.08.1994', '23', '2', 'Бернарду Силва', '20', '-', '4', 'https://football.kulichki.net/playerpics/11661.jpg'),
(19, 'Испания', '29.02.2000', '19', '3', 'Ферран Торрес', '21', '-', '1', 'https://football.kulichki.net/playerpics/18419.jpg'),
(20, 'Бразилия', '04.05.1985', '17', '-', 'Фернандиньо', '25', '-', '5', 'https://football.kulichki.net/playerpics/2170.jpg'),
(21, 'Алжир', '21.01.1991', '24', '9', 'Рияд Махрез', '26', '-', '-', 'https://football.kulichki.net/playerpics/12555.jpg'),
(22, 'Англия', '28.05.2000', '24', '6', 'Фил Фоден', '47', '-', '-', 'https://football.kulichki.net/playerpics/18228.jpg'),
(23, 'Англия', '10.10.2000', '-', '-', 'Феликс Нмеча', '61', '-', '-', 'https://football.kulichki.net/playerpics/23981.jpg'),
(24, 'Англия', '17.10.2001', '-', '-', 'Томми Дойл', '69', '-', '-', 'https://football.kulichki.net/playerpics/21989.jpg'),
(25, 'Англия', '06.05.2002', '-', '-', 'Коул Палмер', '80', '-', '-', 'https://football.kulichki.net/playerpics/23281.jpg'),
(26, 'Франция', '23.07.2000', '-', '-', 'Клаудио Гомес', '81', '-', '-', 'https://football.kulichki.net/playerpics/24273.jpg'),
(27, 'Испания', '26.05.2001', '-', '-', 'Адриан Бернабе', '82', '-', '-', 'https://football.kulichki.net/playerpics/20011.jpg'),
(28, 'Англия', '08.12.1994', '27', '9', 'Рахим Стерлинг', '7', '-', '2', 'https://football.kulichki.net/playerpics/7972.jpg'),
(29, 'Бразилия', '03.04.1997', '23', '8', 'Габриэл Жезус', '9', '-', '1', 'https://football.kulichki.net/playerpics/16203.jpg'),
(30, 'Аргентина', '02.06.1988', '9', '1', 'Серхио Агуэро', '10', '-', '-', 'https://football.kulichki.net/playerpics/5550.jpg'),
(31, 'Англия', '08.02.2003', '1', '-', 'Лиам Дэлап', '48', '-', '-', 'https://football.kulichki.net/playerpics/23737.jpg'),
(32, 'Испания', '07.11.1990', '24', '-', 'Давид Де Хеа', '1', '-', '-', 'https://football.kulichki.net/playerpics/5524.jpg'),
(33, 'Англия', '27.01.1983', '-', '-', 'Ли Грант', '13', '-', '-', 'https://football.kulichki.net/playerpics/4903.jpg'),
(34, 'Аргентина', '22.02.1987', '-', '-', 'Серхио Ромеро', '22', '-', '-', 'https://football.kulichki.net/playerpics/3021.jpg'),
(35, 'Англия', '12.03.1997', '8', '-', 'Дин Хендерсон', '26', '-', '2', 'https://football.kulichki.net/playerpics/21294.jpg'),
(36, 'Швеция', '17.06.1994', '24', '1', 'Виктор Линделёф', '2', '-', '-', 'https://football.kulichki.net/playerpics/7737.jpg'),
(37, 'Кот-д\' Ивуар', '12.04.1994', '8', '-', 'Эрик Бейи', '3', '-', '2', 'https://football.kulichki.net/playerpics/13056.jpg'),
(38, 'Англия', '21.02.1992', '-', '-', 'Фил Джонс', '4', '-', '-', 'https://football.kulichki.net/playerpics/1192.jpg'),
(39, 'Англия', '05.03.1993', '31', '2', 'Гарри Магуайр', '5', '-', '8', 'https://football.kulichki.net/playerpics/11906.jpg'),
(40, 'Англия', '12.07.1995', '27', '1', 'Люк Шоу', '23', '-', '7', 'https://football.kulichki.net/playerpics/8698.jpg'),
(41, 'Бразилия', '15.12.1992', '7', '-', 'Алекс Теллес', '27', '-', '-', 'https://football.kulichki.net/playerpics/12162.jpg'),
(42, 'Англия', '26.11.1997', '29', '2', 'Аарон Ван-Биссака', '29', '-', '2', 'https://football.kulichki.net/playerpics/18712.jpg'),
(43, 'Англия', '03.09.2000', '2', '-', 'Брендон Уильямс', '33', '-', '-', 'https://football.kulichki.net/playerpics/21869.jpg'),
(44, 'Англия', '14.11.1997', '5', '-', 'Аксель Туанзебе', '38', '-', '2', 'https://football.kulichki.net/playerpics/15432.jpg'),
(45, 'Франция', '15.03.1993', '21', '3', 'Поль Погба', '6', '-', '3', 'https://football.kulichki.net/playerpics/7044.jpg'),
(46, 'Испания', '28.04.1988', '7', '-', 'Хуан Мата', '8', '-', '-', 'https://football.kulichki.net/playerpics/5583.jpg'),
(47, 'Бразилия', '05.03.1993', '25', '1', 'Фред', '17', '-', '5', 'https://football.kulichki.net/playerpics/10235.jpg'),
(48, 'Португалия', '08.09.1994', '31', '16', 'Бруну Фернандеш', '18', '-', '5', 'https://football.kulichki.net/playerpics/11212.jpg'),
(49, 'Уэльс', '10.11.1997', '13', '3', 'Даниел Джеймс', '21', '-', '3', 'https://football.kulichki.net/playerpics/20827.jpg'),
(50, 'Сербия', '01.08.1988', '16', '-', 'Неманья Матич', '31', '-', '2', 'https://football.kulichki.net/playerpics/1260.jpg'),
(51, 'Нидерланды', '18.04.1997', '14', '1', 'Донни ван де Беек', '34', '-', '1', 'https://football.kulichki.net/playerpics/14626.jpg'),
(52, 'Шотландия', '08.12.1996', '27', '4', 'Скотт Мактоминей', '39', '-', '2', 'https://football.kulichki.net/playerpics/18363.jpg'),
(53, 'Уругвай', '14.02.1987', '20', '7', 'Эдинсон Кавани', '7', '-', '4', 'https://football.kulichki.net/playerpics/5013.jpg'),
(54, 'Франция', '05.12.1995', '22', '4', 'Антони Марcьяль', '9', '1', '-', 'https://football.kulichki.net/playerpics/9269.jpg'),
(55, 'Англия', '31.10.1997', '31', '10', 'Маркус Рэшфорд', '10', '-', '4', 'https://football.kulichki.net/playerpics/1462.jpg'),
(56, 'Англия', '01.10.2001', '25', '3', 'Мейсон Гринвуд', '11', '-', '2', 'https://football.kulichki.net/playerpics/20618.jpg'),
(57, 'Кот-д\'Ивуар', '11.07.2002', '-', '-', 'Амад Дьялло', '19', '-', '-', 'https://football.kulichki.net/playerpics/21877.jpg'),
(58, 'Англия', '02.02.2004', '1', '-', 'Шола Шортайр', '74', '-', '-', 'https://football.kulichki.net/playerpics/24383.jpg'),
(59, 'Египет', '25.01.1991', '1', '-', '', '', '-', '-', 'https://football.kulichki.net/playerpics/5409.jpg'),
(60, 'Нидерланды', '02.01.1998', '1', '-', 'Одион Игало', '', '-', '1', 'https://football.kulichki.net/playerpics/5409.jpg'),
(61, NULL, '07.11.1990', '31', '-', 'Тимоти Фосу-Менса', '1', '-', '-', 'https://football.kulichki.net/playerpics/2946.jpg'),
(62, 'Дания', '05.11.1986', '-', '-', 'Каспер Шмейхель', '12', '-', '-', 'https://football.kulichki.net/playerpics/12549.jpg'),
(63, 'Уэльс', '22.06.1993', '-', '-', 'Дэнни Уорд', '35', '-', '-', 'https://football.kulichki.net/playerpics/6201.jpg'),
(64, 'Швейцария', '02.10.1984', '-', '-', 'Элдин Якупович', '51', '-', '-', 'https://football.kulichki.net/playerpics/211.jpg'),
(65, 'Польша', '19.12.2000', '23', '2', 'Якуб Столарчик', '2', '-', '4', 'https://football.kulichki.net/playerpics/24309.jpg'),
(66, 'Англия', '23.02.1998', '21', '-', 'Джеймс Джастин', '3', '-', '6', 'https://football.kulichki.net/playerpics/21188.jpg'),
(67, 'Франция', '17.12.2000', '16', '-', 'Уэсли Фофана', '4', '-', '2', 'https://football.kulichki.net/playerpics/20784.jpg'),
(68, 'Турция', '23.05.1996', '3', '-', 'Чаглар Сеюнджю', '5', '-', '-', 'https://football.kulichki.net/playerpics/15941.jpg'),
(69, 'Ямайка', '21.01.1984', '25', '-', 'Уэсли Морган', '6', '-', '7', 'https://football.kulichki.net/playerpics/12551.jpg'),
(70, 'С.Ирландия', '03.01.1988', '12', '1', 'Джонни Эванс', '18', '-', '2', 'https://football.kulichki.net/playerpics/1421.jpg'),
(71, 'Гана', '21.12.1994', '12', '-', 'Дэниэл Амарти', '21', '-', '2', 'https://football.kulichki.net/playerpics/5621.jpg'),
(72, 'Португалия', '06.10.1993', '20', '1', 'Рикарду Перейра', '27', '-', '1', 'https://football.kulichki.net/playerpics/8021.jpg'),
(73, 'Бельгия', '05.12.1995', '9', '-', 'Тимоти Кастань', '28', '-', '4', 'https://football.kulichki.net/playerpics/18073.jpg'),
(74, 'Австрия', '07.04.1986', '7', '-', 'Кристиан Фухс', '33', '-', '2', 'https://football.kulichki.net/playerpics/3223.jpg'),
(75, 'Англия', '10.06.2001', '-', '-', 'Люк Томас', '46', '-', '-', 'https://football.kulichki.net/playerpics/22821.jpg'),
(76, 'Англия', '02.04.2001', '31', '6', 'Вонтей Дейли-Кэмпбелл', '8', '-', '6', 'https://football.kulichki.net/playerpics/24310.jpg'),
(77, 'Бельгия', '07.05.1997', '24', '8', 'Юри Тилеманс', '10', '-', '4', 'https://football.kulichki.net/playerpics/17416.jpg'),
(78, 'Англия', '23.11.1996', '24', '-', 'Джеймс Мэддисон', '11', '-', '2', 'https://football.kulichki.net/playerpics/19357.jpg'),
(79, 'Англия', '18.11.1989', '25', '9', 'Марк Олбрайтон', '15', '-', '-', 'https://football.kulichki.net/playerpics/1134.jpg'),
(80, 'Англия', '09.12.1997', '9', '-', 'Харви Барнс', '19', '-', '-', 'https://football.kulichki.net/playerpics/18556.jpg'),
(81, 'Турция', '14.07.1997', '9', '-', 'Ченгиз Ундер', '20', '-', '1', 'https://football.kulichki.net/playerpics/15863.jpg'),
(82, 'Англия', '01.10.1997', '21', '-', 'Хамза Чудхури', '24', '-', '5', 'https://football.kulichki.net/playerpics/18404.jpg'),
(83, 'Франция', '23.06.1992', '19', '1', 'Нампали Менди', '25', '-', '5', 'https://football.kulichki.net/playerpics/3451.jpg'),
(84, 'Нигерия', '16.12.1996', '14', '1', 'Уилфред Ндиди', '26', '-', '-', 'https://football.kulichki.net/playerpics/16184.jpg'),
(85, 'Бельгия', '14.05.1994', '1', '-', 'Деннис Прат', '38', '-', '-', 'https://football.kulichki.net/playerpics/15943.jpg'),
(86, 'ЮАР', '18.09.1999', '2', '-', 'Такгало Лешабела', '50', '-', '-', NULL),
(87, 'Португалия', '29.09.2001', '27', '12', 'Сидней Тавареш', '9', '-', '1', NULL),
(88, 'Англия', '11.01.1987', '18', '8', 'Джейми Варди', '14', '-', '-', 'https://football.kulichki.net/playerpics/12824.jpg'),
(89, 'Нигерия', '03.10.1996', '18', '2', 'Келечи Ихеаначо', '17', '-', '1', 'https://football.kulichki.net/playerpics/14078.jpg'),
(90, 'Испания', '23.07.1993', '1', '-', 'Айосе Перес', '', '-', '-', 'https://football.kulichki.net/playerpics/11705.jpg'),
(91, 'Англия', '28.06.1996', '1', '-', 'Ислам Слимани', '', '-', '-', 'https://football.kulichki.net/playerpics/11029.jpg'),
(92, NULL, '05.11.1986', '30', '-', 'Демарей Грей', '1', '-', '2', 'https://football.kulichki.net/playerpics/14662.jpg'),
(93, 'Польша', '18.04.1985', '-', '-', 'Лукаш Фабяньски', '25', '-', '-', 'https://football.kulichki.net/playerpics/1079.jpg'),
(94, 'Англия', '22.01.1986', '-', '-', 'Дэвид Мартин', '34', '-', '-', 'https://football.kulichki.net/playerpics/710.jpg'),
(95, 'Англия', '21.11.1998', '1', '-', 'Нэтан Тротт', '35', '-', '-', 'https://football.kulichki.net/playerpics/1127.jpg'),
(96, 'Ирландия', '12.05.1987', '31', '-', 'Даррен Рендольф', '3', '-', '3', 'https://football.kulichki.net/playerpics/14067.jpg'),
(97, 'Англия', '15.12.1989', '13', '1', 'Аарон Крессуэлл', '4', '-', '1', 'https://football.kulichki.net/playerpics/11777.jpg'),
(98, 'Парагвай', '23.08.1991', '27', '-', 'Фабиан Бальбуэна', '5', '-', '3', 'https://football.kulichki.net/playerpics/19269.jpg'),
(99, 'Чехия', '22.08.1992', '-', '-', 'Владимир Цоуфал', '14', '-', '-', 'https://football.kulichki.net/playerpics/23788.jpg'),
(100, 'Дания', '08.11.1999', '16', '3', 'Фредерик Алвес', '15', '-', '1', 'https://football.kulichki.net/playerpics/24305.jpg'),
(101, 'Англия', '06.05.1990', '23', '2', 'Крэйг Доусон', '21', '-', '4', 'https://football.kulichki.net/playerpics/5721.jpg'),
(102, 'Италия', '23.05.1988', '12', '1', 'Анджело Огбонна', '23', '-', '3', 'https://football.kulichki.net/playerpics/8861.jpg'),
(103, 'Франция', '09.01.1997', '11', '1', 'Исса Диоп', '24', '-', '2', 'https://football.kulichki.net/playerpics/14618.jpg'),
(104, 'Англия', '10.10.1992', '12', '-', 'Райан Фредерикс', '26', '-', '2', 'https://football.kulichki.net/playerpics/11248.jpg'),
(105, 'ДР Конго', '07.11.1993', '12', '1', 'Артур Масуаку', '31', '-', '1', 'https://football.kulichki.net/playerpics/10737.jpg'),
(106, 'Англия', '24.01.2000', '13', '1', 'Бен Джонсон', '10', '-', '-', 'https://football.kulichki.net/playerpics/20476.jpg'),
(107, 'Аргентина', '15.02.1993', '9', '8', 'Мануэль Лансини', '11', '-', '2', 'https://football.kulichki.net/playerpics/5900.jpg'),
(108, 'Англия', '15.12.1992', '18', '-', 'Джесси Лингард', '16', '-', '1', 'https://football.kulichki.net/playerpics/12548.jpg'),
(109, 'Англия', '08.05.1987', '26', '3', 'Марк Ноубл', '18', '-', '3', 'https://football.kulichki.net/playerpics/1556.jpg'),
(110, 'Испания', '22.02.1996', '31', '9', 'Пабло Форнальс', '28', '1', '6', 'https://football.kulichki.net/playerpics/14550.jpg'),
(111, 'Чехия', '27.02.1995', '-', '-', 'Томаш Соучек', '37', '-', '-', 'https://football.kulichki.net/playerpics/22107.jpg'),
(112, 'Англия', '19.06.1998', '29', '1', 'Нэтан Холланд', '41', '-', '2', 'https://football.kulichki.net/playerpics/16459.jpg'),
(113, 'Англия', '14.01.1999', '-', '-', 'Деклан Райс', '54', '-', '-', 'https://football.kulichki.net/playerpics/17173.jpg'),
(114, 'Ирландия', '25.03.2000', '14', '-', 'Конор Ковентри', '7', '-', '2', 'https://football.kulichki.net/playerpics/21980.jpg'),
(115, 'Украина', '23.10.1989', '23', '-', 'Андрей Ярмоленко', '9', '-', '-', 'https://football.kulichki.net/playerpics/1776.jpg'),
(116, 'Алжир', '10.08.1995', '31', '8', 'Саид Бенрахма', '20', '-', '-', 'https://football.kulichki.net/playerpics/11171.jpg'),
(117, 'Англия', '20.12.1996', '21', '7', 'Джаррод Боуэн', '30', '-', '3', 'https://football.kulichki.net/playerpics/15974.jpg'),
(118, 'Англия', '28.03.1990', '-', '-', 'Майкл Антонио', '45', '-', '-', 'https://football.kulichki.net/playerpics/5349.jpg'),
(119, 'Англия', '21.10.2002', '16', '3', 'Адемипо Одубеко', '', '-', '-', NULL),
(120, 'Шотландия', '07.09.1987', '3', '-', 'Себастьен Алле', '', '-', '-', 'https://football.kulichki.net/playerpics/13195.jpg'),
(121, 'Шотландия', '07.09.1987', '2', '-', 'Роберт Снодграсс', '', '-', '-', 'https://football.kulichki.net/playerpics/8365.jpg'),
(122, NULL, '18.04.1985', '4', '-', 'Фелипе Андерсон', '1', '-', '-', 'https://football.kulichki.net/playerpics/10890.jpg'),
(123, 'Испания', '03.10.1994', '1', '-', 'Кепа', '13', '-', '-', 'https://football.kulichki.net/playerpics/8819.jpg'),
(124, 'Аргентина', '14.11.1980', '26', '-', 'Вилли Кабальеро', '16', '-', '-', 'https://football.kulichki.net/playerpics/6415.jpg'),
(125, 'Сенегал', '01.03.1992', '-', '-', 'Эдуард Менди', '40', '-', '-', 'https://football.kulichki.net/playerpics/19200.jpg'),
(126, 'Хорватия', '11.05.2001', '14', '-', 'Карло Цигер', '2', '-', '-', 'https://football.kulichki.net/playerpics/24173.jpg'),
(127, 'Германия', '03.03.1993', '10', '1', 'Антонио Рюдигер', '3', '-', '2', 'https://football.kulichki.net/playerpics/7564.jpg'),
(128, 'Испания', '28.12.1990', '13', '-', 'Маркос Алонсо', '4', '1', '1', 'https://football.kulichki.net/playerpics/4220.jpg'),
(129, 'Дания', '10.04.1996', '18', '2', 'Андреас Кристенсен', '6', '1', '3', 'https://football.kulichki.net/playerpics/13040.jpg'),
(130, 'Бразилия', '22.09.1984', '19', '5', 'Тиаго Силва', '15', '-', '1', 'https://football.kulichki.net/playerpics/4906.jpg'),
(131, 'Франция', '27.10.1994', '22', '2', 'Курт Зума', '21', '-', '3', 'https://football.kulichki.net/playerpics/7342.jpg'),
(132, 'Англия', '21.12.1996', '25', '1', 'Бен Чилуэлл', '24', '-', '3', 'https://football.kulichki.net/playerpics/15445.jpg'),
(133, 'Англия', '08.12.1999', '21', '1', 'Рис Джеймс', '28', '-', '4', 'https://football.kulichki.net/playerpics/7041.jpg'),
(134, 'Испания', '28.08.1989', '2', '-', 'Сесар Аспиликуэта', '33', '-', '-', 'https://football.kulichki.net/playerpics/3439.jpg'),
(135, 'Бразилия', '03.08.1994', '22', '6', 'Эмерсон', '5', '-', '-', 'https://football.kulichki.net/playerpics/12950.jpg'),
(136, 'Италия', '20.12.1991', '26', '-', 'Жоржиньо', '7', '-', '6', 'https://football.kulichki.net/playerpics/10959.jpg'),
(137, 'Франция', '29.03.1991', '21', '4', 'Нголо Канте', '10', '-', '2', 'https://football.kulichki.net/playerpics/12386.jpg'),
(138, 'США', '18.09.1998', '25', '-', 'Кристиан Пулишич', '17', '-', '3', 'https://football.kulichki.net/playerpics/14730.jpg'),
(139, 'Хорватия', '06.05.1994', '30', '6', 'Матео Ковачич', '19', '-', '2', 'https://football.kulichki.net/playerpics/9271.jpg'),
(140, 'Англия', '10.01.1999', '20', '2', 'Мейсон Маунт', '20', '-', '-', 'https://football.kulichki.net/playerpics/17700.jpg'),
(141, 'Англия', '07.11.2000', '17', '1', 'Каллум Хадсон-Одои', '22', '-', '3', 'https://football.kulichki.net/playerpics/18514.jpg'),
(142, 'Марокко', '19.03.1993', '2', '-', 'Хаким Зиеш', '23', '-', '-', 'https://football.kulichki.net/playerpics/8649.jpg'),
(143, 'Шотландия', '16.07.2001', '23', '2', 'Билли Гилмор', '29', '-', '2', 'https://football.kulichki.net/playerpics/21788.jpg'),
(144, 'Германия', '11.06.1999', '-', '-', 'Кай Хаверц', '55', '-', '-', 'https://football.kulichki.net/playerpics/16080.jpg'),
(145, 'Англия', '23.11.2001', '20', '6', 'Фаустино Анджорин', '9', '-', '-', 'https://football.kulichki.net/playerpics/22274.jpg'),
(146, 'Англия', '02.10.1997', '29', '5', 'Тэмми Абрахам', '11', '-', '-', 'https://football.kulichki.net/playerpics/15042.jpg'),
(147, 'Германия', '06.03.1996', '14', '4', 'Тимо Вернер', '18', '-', '1', 'https://football.kulichki.net/playerpics/10879.jpg'),
(148, 'Франция', '30.09.1986', '2', '-', 'Оливье Жиру', '', '-', '-', 'https://football.kulichki.net/playerpics/3987.jpg'),
(149, 'Англия', '05.12.1993', '1', '-', 'Росс Баркли', '', '-', '-', 'https://football.kulichki.net/playerpics/3070.jpg'),
(150, 'Англия', '23.01.1996', '1', '-', 'Рубен Лофтус-Чик', '', '-', '-', 'https://football.kulichki.net/playerpics/13234.jpg'),
(151, NULL, '03.10.1994', '26', '-', 'Фикайо Томори', '1', '-', '1', 'https://football.kulichki.net/playerpics/15069.jpg'),
(152, 'Бразилия', '02.10.1992', '3', '-', 'Алиссон', '13', '-', '-', 'https://football.kulichki.net/playerpics/15794.jpg'),
(153, 'Испания', '03.01.1987', '2', '-', 'Адриан', '62', '-', '-', 'https://football.kulichki.net/playerpics/6003.jpg'),
(154, 'Ирландия', '23.11.1998', '5', '1', 'Кьювин Келлехер', '4', '-', '1', 'https://football.kulichki.net/playerpics/20261.jpg'),
(155, 'Нидерланды', '08.07.1991', '7', '-', 'Вирджил ван Дейк', '12', '-', '-', 'https://football.kulichki.net/playerpics/6527.jpg'),
(156, 'Англия', '23.05.1997', '7', '-', 'Джо Гомес', '19', '-', '2', 'https://football.kulichki.net/playerpics/10718.jpg'),
(157, 'Турция', '25.03.2000', '1', '-', 'Озан Кабак', '21', '-', '-', 'https://football.kulichki.net/playerpics/19065.jpg'),
(158, 'Греция', '12.05.1996', '31', '1', 'Константинос Цимикас', '26', '-', '2', 'https://football.kulichki.net/playerpics/17443.jpg'),
(159, 'Шотландия', '11.04.1994', '-', '-', 'Эндрю Робертсон', '28', '-', '-', 'https://football.kulichki.net/playerpics/11907.jpg'),
(160, 'Уэльс', '24.04.1993', '10', '1', 'Бен Дэвис', '32', '-', '2', 'https://football.kulichki.net/playerpics/24262.jpg'),
(161, 'Камерун', '08.08.1991', '4', '-', 'Жоэль Матип', '46', '-', '-', 'https://football.kulichki.net/playerpics/3493.jpg'),
(162, 'Англия', '03.02.2001', '12', '-', 'Рис Уильямс', '47', '-', '2', 'https://football.kulichki.net/playerpics/23976.jpg'),
(163, 'Англия', '21.03.1997', '29', '2', 'Натаниэл Филлипс', '66', '-', '1', 'https://football.kulichki.net/playerpics/21595.jpg'),
(164, 'Англия', '07.10.1998', '5', '-', 'Трент Александер-Арнольд', '76', '-', '1', 'https://football.kulichki.net/playerpics/16160.jpg'),
(165, 'Уэльс', '13.04.2001', '-', '-', 'Неко Уильямс', '89', '-', '-', 'https://football.kulichki.net/playerpics/21987.jpg'),
(166, 'Франция', '14.11.2002', '23', '-', 'Билли Куметио', '3', '-', '5', 'https://football.kulichki.net/playerpics/23170.jpg'),
(167, 'Бразилия', '23.10.1993', '31', '2', 'Фабиньо', '5', '-', '1', 'https://football.kulichki.net/playerpics/9828.jpg'),
(168, 'Нидерланды', '11.11.1990', '17', '-', 'Джорджиньо Вейналдум', '6', '-', '4', 'https://football.kulichki.net/playerpics/3009.jpg'),
(169, 'Испания', '11.04.1991', '22', '-', 'Тьяго Алькантара', '7', '-', '2', 'https://football.kulichki.net/playerpics/5498.jpg'),
(170, 'Англия', '04.01.1986', '10', '-', 'Джеймс Милнер', '8', '-', '1', 'https://football.kulichki.net/playerpics/1137.jpg'),
(171, 'Гвинея', '10.02.1995', '21', '1', 'Наби Кейта', '14', '-', '-', 'https://football.kulichki.net/playerpics/5751.jpg'),
(172, 'Англия', '17.06.1990', '9', '-', 'Джордан Хендерсон', '15', '-', '-', 'https://football.kulichki.net/playerpics/1492.jpg'),
(173, 'Англия', '15.08.1993', '20', '1', 'Алекс Окслейд-Чемберлен', '17', '-', '2', 'https://football.kulichki.net/playerpics/2211.jpg'),
(174, 'Англия', '30.01.2001', '13', '-', 'Кёртис Джонс', '23', '-', '2', 'https://football.kulichki.net/playerpics/20262.jpg'),
(175, 'Швейцария', '10.10.1991', '-', '-', 'Джердан Шакири', '64', '-', '-', 'https://football.kulichki.net/playerpics/8394.jpg'),
(176, 'Англия', '02.09.2001', '-', '-', 'Джейк Кейн', '65', '-', '-', 'https://football.kulichki.net/playerpics/23977.jpg'),
(177, 'Англия', '19.10.2001', '29', '6', 'Лейтон Кларксон', '9', '-', '1', 'https://football.kulichki.net/playerpics/24311.jpg'),
(178, 'Бразилия', '02.10.1991', '28', '7', 'Роберто Фирмино', '10', '-', '3', 'https://football.kulichki.net/playerpics/6053.jpg'),
(179, 'Сенегал', '10.04.1992', '30', '19', 'Садио Мане', '11', '-', '-', 'https://football.kulichki.net/playerpics/12841.jpg'),
(180, 'Египет', '15.06.1992', '14', '8', 'Мохамед Салах', '20', '-', '2', 'https://football.kulichki.net/playerpics/11342.jpg'),
(181, 'Португалия', '04.12.1996', '9', '-', 'Диогу Жота', '27', '-', '-', 'https://football.kulichki.net/playerpics/13319.jpg'),
(182, 'Бельгия', '18.04.1995', '8', '1', 'Дивок Ориги', '', '-', '-', 'https://football.kulichki.net/playerpics/9267.jpg'),
(183, 'Япония', '16.01.1995', '31', '-', 'Такуми Минамино', '1', '-', '-', 'https://football.kulichki.net/playerpics/22010.jpg'),
(184, 'Франция', '26.12.1986', '-', '-', 'Уго Льорис', '12', '-', '-', 'https://football.kulichki.net/playerpics/2484.jpg'),
(185, 'Англия', '19.04.1987', '-', '-', 'Джо Харт', '41', '-', '-', 'https://football.kulichki.net/playerpics/1152.jpg'),
(186, 'Англия', '02.10.1998', '15', '-', 'Алфи Уайтмен', '2', '1', '2', 'https://football.kulichki.net/playerpics/21992.jpg'),
(187, 'Ирландия', '16.01.1992', '20', '-', 'Мэтт Догерти', '3', '-', '4', 'https://football.kulichki.net/playerpics/19184.jpg'),
(188, 'Испания', '16.12.1996', '18', '1', 'Серхио Регилон', '4', '-', '2', 'https://football.kulichki.net/playerpics/19958.jpg'),
(189, 'Бельгия', '02.03.1989', '17', '-', 'Тоби Алдервейрелд', '6', '-', '1', 'https://football.kulichki.net/playerpics/2948.jpg'),
(190, 'Колумбия', '12.06.1996', '10', '-', 'Давинсон Санчес', '14', '-', '-', 'https://football.kulichki.net/playerpics/15206.jpg'),
(191, 'Уэльс', '22.10.1997', '15', '2', 'Джо Родон', '24', '-', '-', 'https://football.kulichki.net/playerpics/23877.jpg'),
(192, 'Кот-д\'Ивуар', '24.12.1992', '4', '-', 'Серж Орье', '25', '-', '1', 'https://football.kulichki.net/playerpics/3458.jpg'),
(193, 'Англия', '31.03.1999', '20', '-', 'Джафет Танганга', '33', '-', '1', 'https://football.kulichki.net/playerpics/21994.jpg'),
(194, 'Англия', '06.04.2002', '-', '-', 'Деннис Киркин', '49', '-', '-', 'https://football.kulichki.net/playerpics/23984.jpg'),
(195, 'Дания', '05.08.1995', '31', '1', 'Пьер-Эмиль Хейбьерг', '5', '-', '6', 'https://football.kulichki.net/playerpics/9792.jpg'),
(196, 'Англия', '02.02.1996', '10', '-', 'Гарри Уинкс', '8', '-', '4', 'https://football.kulichki.net/playerpics/14442.jpg'),
(197, 'Уэльс', '16.07.1989', '14', '5', 'Гарет Бэйл', '9', '-', '1', 'https://football.kulichki.net/playerpics/1513.jpg'),
(198, 'Аргентина', '14.03.1992', '19', '1', 'Эрик Ламела', '11', '1', '4', 'https://football.kulichki.net/playerpics/7335.jpg'),
(199, 'Англия', '15.01.1994', '22', '-', 'Эрик Дайер', '15', '-', '2', 'https://football.kulichki.net/playerpics/9110.jpg'),
(200, 'Франция', '16.08.1989', '23', '-', 'Мусса Сиссоко', '17', '-', '3', 'https://football.kulichki.net/playerpics/2832.jpg'),
(201, 'Аргентина', '09.04.1996', '14', '1', 'Джовани Ло Чельсо', '18', '-', '4', 'https://football.kulichki.net/playerpics/12604.jpg'),
(202, 'Англия', '11.04.1996', '9', '-', 'Деле Алли', '20', '-', '-', 'https://football.kulichki.net/playerpics/14070.jpg'),
(203, 'Бразилия', '13.08.1992', '26', '3', 'Лукас Моура', '27', '-', '-', 'https://football.kulichki.net/playerpics/9175.jpg'),
(204, 'Франция', '28.12.1996', '28', '3', 'Танги Ндомбеле', '28', '-', '2', 'https://football.kulichki.net/playerpics/17314.jpg'),
(205, 'Англия', '01.08.2004', '-', '-', 'Алфи Девайн', '54', '-', '-', 'https://football.kulichki.net/playerpics/24315.jpg'),
(206, 'Корея', '08.07.1992', '30', '14', 'Сон Хын Мин', '7', '-', '-', 'https://football.kulichki.net/playerpics/4709.jpg'),
(207, 'Англия', '28.08.1993', '29', '19', 'Харри Кейн', '10', '-', '1', 'https://football.kulichki.net/playerpics/8771.jpg'),
(208, 'Нидерланды', '08.10.1997', '17', '-', 'Стивен Бергвейн', '23', '-', '2', 'https://football.kulichki.net/playerpics/13555.jpg'),
(209, 'Бразилия', '22.03.1995', '9', '1', 'Карлос Винисиус', '45', '-', '2', 'https://football.kulichki.net/playerpics/19692.jpg'),
(210, 'Англия', '24.03.2004', '1', '-', 'Дейн Скарлетт', '53', '-', '-', 'https://football.kulichki.net/playerpics/24301.jpg'),
(211, 'Англия', '07.03.1994', '23', '-', 'Джордан Пикфорд', '1', '-', '1', 'https://football.kulichki.net/playerpics/9005.jpg'),
(212, 'Португалия', '10.10.1999', '1', '-', 'Жоау Виржиниа', '31', '-', '-', 'https://football.kulichki.net/playerpics/4814.jpg'),
(213, 'Швеция', '08.01.1990', '7', '-', 'Робин Ульсен', '33', '-', '1', 'https://football.kulichki.net/playerpics/19708.jpg'),
(214, 'Англия', '22.10.1996', '20', '1', 'Мейсон Холгейт', '4', '-', '7', 'https://football.kulichki.net/playerpics/10686.jpg'),
(215, 'Англия', '11.01.1993', '29', '3', 'Майкл Кин', '5', '-', '4', 'https://football.kulichki.net/playerpics/8737.jpg'),
(216, 'Франция', '20.07.1993', '22', '-', 'Люка Динь', '12', '1', '2', 'https://football.kulichki.net/playerpics/6892.jpg'),
(217, 'Колумбия', '23.09.1994', '21', '2', 'Йерри Мина', '13', '-', '2', 'https://football.kulichki.net/playerpics/18451.jpg'),
(218, 'Франция', '01.11.2000', '1', '-', 'Нильс Нкунку', '18', '-', '1', 'https://football.kulichki.net/playerpics/23417.jpg'),
(219, 'Нигерия', '22.08.2000', '-', '-', 'Годфри Стефен', '22', '-', '-', 'https://football.kulichki.net/playerpics/9058.jpg'),
(220, 'Англия', '15.01.1998', '23', '-', 'Бен Годфри', '22', '-', '4', 'https://football.kulichki.net/playerpics/21284.jpg'),
(221, 'Ирландия', '11.10.1988', '18', '-', 'Шеймус Коулмен', '23', '-', '-', 'https://football.kulichki.net/playerpics/1279.jpg'),
(222, 'Бразилия', '08.01.1991', '16', '-', 'Аллан', '6', '-', '4', 'https://football.kulichki.net/playerpics/8847.jpg'),
(223, 'Англия', '21.11.1989', '5', '-', 'Фабиан Делф', '8', '-', '-', 'https://football.kulichki.net/playerpics/1144.jpg'),
(224, 'Исландия', '09.09.1989', '28', '4', 'Гильфи Сигурдссон', '10', '-', '1', 'https://football.kulichki.net/playerpics/5754.jpg'),
(225, 'Франция', '01.01.1993', '25', '2', 'Абдулай Дукуре', '16', '-', '6', 'https://football.kulichki.net/playerpics/9812.jpg'),
(226, 'Нигерия', '03.05.1996', '26', '1', 'Алекс Ивоби', '17', '-', '-', 'https://football.kulichki.net/playerpics/12739.jpg'),
(227, 'Колумбия', '12.07.1991', '20', '6', 'Хамес Родригес', '19', '-', '3', 'https://football.kulichki.net/playerpics/6240.jpg'),
(228, 'Бразилия', '08.09.1992', '9', '1', 'Бернард', '20', '-', '2', 'https://football.kulichki.net/playerpics/11051.jpg'),
(229, 'Португалия', '30.07.1993', '23', '-', 'Андре Гомеш', '21', '-', '3', 'https://football.kulichki.net/playerpics/9093.jpg'),
(230, 'Кот-д\'Ивуар', '25.09.1995', '1', '-', 'Жан-Филипп Гбамин', '25', '-', '-', 'https://football.kulichki.net/playerpics/12401.jpg'),
(231, 'Англия', '30.06.1998', '20', '-', 'Том Дэвис', '26', '-', '2', 'https://football.kulichki.net/playerpics/15933.jpg'),
(232, 'Босния', '10.09.1992', '-', '-', 'Мухамед Бешич', '30', '-', '-', 'https://football.kulichki.net/playerpics/3479.jpg'),
(233, 'Англия', '04.03.2003', '1', '-', 'Тайлер Оньянго', '34', '-', '-', 'https://football.kulichki.net/playerpics/24319.jpg'),
(234, 'Бразилия', '10.05.1997', '-', '-', 'Ришарлисон', '62', '-', '-', 'https://football.kulichki.net/playerpics/17973.jpg'),
(235, 'Англия', '16.03.1997', '26', '6', 'Доминик Калверт-Льюин', '7', '1', '3', 'https://football.kulichki.net/playerpics/16159.jpg'),
(236, 'Норвегия', '15.01.1992', '26', '14', 'Джошуа Кинг', '9', '-', '3', 'https://football.kulichki.net/playerpics/6910.jpg'),
(237, 'Англия', '15.03.1997', '8', '-', 'Дженк Тосун', '11', '-', '-', 'https://football.kulichki.net/playerpics/4015.jpg'),
(238, 'Италия', '28.02.2000', '5', '-', 'Джонджо Кенни', '', '-', '1', 'https://football.kulichki.net/playerpics/15061.jpg'),
(239, NULL, '07.03.1994', '4', '-', 'Энтони Гордон', '', '-', '-', 'https://football.kulichki.net/playerpics/21995.jpg'),
(240, NULL, '07.03.1994', '3', '-', 'Мойзе Кен', '', '-', '-', 'https://football.kulichki.net/playerpics/16127.jpg'),
(241, 'Англия', '16.03.1989', '2', '-', 'Тео Уолкотт', '', '-', '-', 'https://football.kulichki.net/playerpics/1111.jpg'),
(242, 'Германия', '04.03.1992', '1', '-', 'Бернд Лено', '', '-', '-', 'https://football.kulichki.net/playerpics/6754.jpg'),
(243, 'Исландия', '18.02.1995', '30', '-', 'Рунар Алекс Рунарссон', '1', '1', '-', 'https://football.kulichki.net/playerpics/19373.jpg'),
(244, 'Бразилия', '14.05.1995', '1', '-', 'Мэтью Райан', '13', '-', '-', 'https://football.kulichki.net/playerpics/8690.jpg'),
(245, 'Эстония', '13.04.2002', '1', '-', 'Карл Хейн', '33', '-', '-', 'https://football.kulichki.net/playerpics/24180.jpg'),
(246, 'Испания', '19.03.1995', '-', '-', 'Эктор Бельерин', '44', '-', '-', 'https://football.kulichki.net/playerpics/9276.jpg'),
(247, 'Шотландия', '05.06.1997', '22', '1', 'Киран Тирни', '2', '-', '8', 'https://football.kulichki.net/playerpics/2233.jpg'),
(248, 'Бразилия', '19.12.1997', '23', '1', 'Габриэл', '3', '-', '4', 'https://football.kulichki.net/playerpics/9201.jpg'),
(249, 'Англия', '12.09.1995', '17', '2', 'Роб Холдинг', '6', '1', '2', 'https://football.kulichki.net/playerpics/15278.jpg'),
(250, 'Португалия', '31.08.1991', '25', '-', 'Седрик Соареш', '16', '-', '2', 'https://football.kulichki.net/playerpics/6540.jpg'),
(251, 'Англия', '20.01.1995', '10', '-', 'Калум Чемберс', '17', '-', '1', 'https://football.kulichki.net/playerpics/1538.jpg'),
(252, 'Испания', '31.08.1993', '4', '-', 'Пабло Мари', '21', '-', '-', 'https://football.kulichki.net/playerpics/17374.jpg'),
(253, 'Бразилия', '22.04.1987', '8', '-', 'Давид Луис', '22', '-', '2', 'https://football.kulichki.net/playerpics/4586.jpg'),
(254, 'Англия', '05.09.2001', '18', '1', 'Букайо Сака', '23', '1', '1', 'https://football.kulichki.net/playerpics/20104.jpg'),
(255, 'Испания', '07.08.1996', '26', '5', 'Дани Себальос', '7', '-', '1', 'https://football.kulichki.net/playerpics/11625.jpg'),
(256, 'Норвегия', '17.12.1998', '21', '-', 'Мартин Эдегор', '8', '-', '3', 'https://football.kulichki.net/playerpics/2671.jpg'),
(257, 'Бразилия', '23.11.1991', '9', '1', 'Виллиан', '11', '-', '-', 'https://football.kulichki.net/playerpics/2171.jpg'),
(258, 'Гана', '13.06.1993', '22', '-', 'Томас Партей', '12', '-', '-', 'https://football.kulichki.net/playerpics/12517.jpg'),
(259, 'Египет', '11.07.1992', '17', '-', 'Мохамед Эльнени', '18', '-', '3', 'https://football.kulichki.net/playerpics/2364.jpg'),
(260, 'Англия', '28.07.2000', '18', '-', 'Эмил Смит-Роу', '25', '-', '2', 'https://football.kulichki.net/playerpics/20204.jpg'),
(261, 'Швейцария', '27.09.1992', '14', '-', 'Гранит Джака', '32', '-', '-', 'https://football.kulichki.net/playerpics/8541.jpg'),
(262, 'Англия', '31.10.2001', '26', '1', 'Бен Коттрелл', '34', '1', '6', 'https://football.kulichki.net/playerpics/24280.jpg'),
(263, 'Англия', '20.09.2002', '-', '-', 'Мигель Азиз', '41', '-', '-', 'https://football.kulichki.net/playerpics/24281.jpg'),
(264, 'Франция', '28.05.1991', '-', '-', 'Александр Ляказетт', '66', '-', '-', 'https://football.kulichki.net/playerpics/2512.jpg'),
(265, 'Габон', '28.01.1989', '27', '13', 'Пьер-Эмерик Обамеянг', '9', '-', '3', 'https://football.kulichki.net/playerpics/2447.jpg'),
(266, 'Кот-д\'Ивуар', '29.09.1995', '25', '9', 'Николя Пепе', '14', '-', '2', 'https://football.kulichki.net/playerpics/15523.jpg'),
(267, 'Англия', '10.12.1999', '23', '5', 'Рейсс Нелсон', '19', '1', '1', 'https://football.kulichki.net/playerpics/18479.jpg'),
(268, 'Англия', '30.05.1999', '2', '-', 'Эдди Нкетиа', '24', '-', '-', 'https://football.kulichki.net/playerpics/18550.jpg'),
(269, 'Бразилия', '18.06.2001', '15', '1', 'Габриэл Мартинелли', '30', '-', '-', 'https://football.kulichki.net/playerpics/21171.jpg'),
(270, 'Англия', '03.07.2001', '8', '1', 'Фоларин Балогун', '35', '-', '-', 'https://football.kulichki.net/playerpics/22237.jpg'),
(271, 'Англия', '29.08.1997', '-', '-', 'Энзли Мэйтленд-Найлс', '38', '-', '-', 'https://football.kulichki.net/playerpics/13144.jpg'),
(272, 'Англия', '20.08.1999', '11', '-', 'Джо Уиллок', '', '-', '-', 'https://football.kulichki.net/playerpics/18551.jpg'),
(273, NULL, NULL, '7', '-', 'Шкодран Мустафи', '', '-', '1', 'https://football.kulichki.net/playerpics/1282.jpg'),
(274, NULL, NULL, '3', '-', 'Сеад Колашинац', '', '-', '-', 'https://football.kulichki.net/playerpics/8639.jpg'),
(275, 'Франция', '02.03.2000', '1', '-', 'Илян Мелье', '', '-', '-', 'https://football.kulichki.net/playerpics/23133.jpg'),
(276, 'Испания', '02.10.1986', '30', '-', 'Кико Касилья', '1', '-', '-', 'https://football.kulichki.net/playerpics/2079.jpg'),
(277, 'Италия', '25.08.2001', '1', '-', 'Элиа Каприле', '13', '-', '-', 'https://football.kulichki.net/playerpics/23134.jpg'),
(278, 'Англия', '25.08.1991', '-', '-', 'Люк Эйлинг', '25', '-', '-', 'https://football.kulichki.net/playerpics/23141.jpg'),
(279, 'Германия', '17.06.1996', '31', '-', 'Робин Кох', '2', '-', '5', 'https://football.kulichki.net/playerpics/18158.jpg'),
(280, 'Шотландия', '30.08.1991', '14', '-', 'Лиам Купер', '5', '-', '-', 'https://football.kulichki.net/playerpics/23135.jpg'),
(281, 'Испания', '16.08.1993', '23', '1', 'Диего Льоренте', '6', '1', '3', 'https://football.kulichki.net/playerpics/9882.jpg'),
(282, 'Северная Ирландия', '19.04.1991', '9', '-', 'Стюарт Даллас', '14', '-', '1', 'https://football.kulichki.net/playerpics/23139.jpg'),
(283, 'Нидерланды', '11.08.1999', '31', '7', 'Паскаль Стрёйк', '15', '-', '5', 'https://football.kulichki.net/playerpics/23136.jpg'),
(284, 'Англия', '12.01.2000', '20', '1', 'Лейф Дэвис', '21', '-', '2', 'https://football.kulichki.net/playerpics/23140.jpg'),
(285, 'Англия', '07.12.2002', '2', '-', 'Чарли Крессуэлл', '24', '-', '-', NULL),
(286, 'Англия', '14.10.2000', '-', '-', 'Оливер Кейси', '35', '-', '-', NULL),
(287, 'Англия', '08.10.1991', '-', '-', 'Адам Форшоу', '49', '-', '-', 'https://football.kulichki.net/playerpics/1483.jpg'),
(288, 'Англия', '09.02.2000', '-', '-', 'Иан Поведа', '4', '-', '-', 'https://football.kulichki.net/playerpics/23148.jpg'),
(289, 'Македония', '12.02.1992', '10', '-', 'Эзджан Алиоски', '7', '-', '-', 'https://football.kulichki.net/playerpics/23138.jpg'),
(290, 'Бразилия', '14.12.1996', '29', '2', 'Рафинья', '10', '-', '5', 'https://football.kulichki.net/playerpics/14898.jpg'),
(291, 'Испания', '11.04.1985', '26', '6', 'Пабло', '18', '-', '3', 'https://football.kulichki.net/playerpics/5575.jpg'),
(292, 'Англия', '20.11.1996', '13', '-', 'Джек Харрисон', '19', '-', '1', 'https://football.kulichki.net/playerpics/19353.jpg'),
(293, 'Англия', '02.12.1995', '29', '7', 'Келвин Филлипс', '22', '-', '2', 'https://football.kulichki.net/playerpics/23142.jpg'),
(294, 'Польша', '13.06.1990', '23', '-', 'Матеуш Клих', '23', '-', '7', 'https://football.kulichki.net/playerpics/6782.jpg'),
(295, 'Англия', '08.10.1999', '30', '3', 'Джейми Шеклтон', '43', '-', '6', 'https://football.kulichki.net/playerpics/23143.jpg'),
(296, 'Англия', '05.09.1993', '13', '-', 'Патрик Бэмфорд', '46', '-', '-', 'https://football.kulichki.net/playerpics/3278.jpg'),
(297, 'Уэльс', '12.01.1999', '31', '14', 'Тайлер Робертс', '9', '-', '2', 'https://football.kulichki.net/playerpics/23149.jpg'),
(298, 'Португалия', '12.01.1994', '20', '-', 'Элдер Кошта', '11', '-', '2', 'https://football.kulichki.net/playerpics/5694.jpg'),
(299, 'Испания', '06.03.1991', '20', '3', 'Родриго', '17', '-', '-', 'https://football.kulichki.net/playerpics/7353.jpg'),
(300, 'Англия', '04.05.2002', '21', '3', 'Джо Гелхардт', '20', '-', '3', 'https://football.kulichki.net/playerpics/23421.jpg'),
(301, 'Англия', '26.01.2002', '-', '-', 'Сэм Гринвуд', '30', '-', '-', 'https://football.kulichki.net/playerpics/23227.jpg'),
(302, 'Уэльс', '18.12.2000', '-', '-', 'Ниалл Хаггинс', '42', '-', '-', NULL),
(303, 'Англия', '15.04.1986', '1', '-', 'Том Хитон', '52', '-', '-', 'https://football.kulichki.net/playerpics/131.jpg'),
(304, 'Англия', '23.09.1992', '-', '-', 'Джед Стир', '1', '-', '-', 'https://football.kulichki.net/playerpics/4115.jpg'),
(305, 'Аргентина', '02.09.1992', '-', '-', 'Эмилиано Мартинес', '12', '-', '-', 'https://football.kulichki.net/playerpics/7025.jpg'),
(306, 'Венгрия', '20.09.2001', '30', '-', 'Акош Оноди', '26', '-', '-', 'https://football.kulichki.net/playerpics/24282.jpg'),
(307, 'Англия', '07.08.1997', '-', '-', 'Мэттью Кэш', '51', '-', '-', 'https://football.kulichki.net/playerpics/23312.jpg'),
(308, 'Уэльс', '07.02.1989', '24', '-', 'Нил Тейлор', '2', '-', '6', 'https://football.kulichki.net/playerpics/2359.jpg'),
(309, 'Англия', '23.10.1997', '1', '-', 'Эзри Конса', '3', '-', '1', 'https://football.kulichki.net/playerpics/21192.jpg'),
(310, 'Англия', '13.03.1993', '28', '2', 'Тайрон Мингс', '4', '-', '3', 'https://football.kulichki.net/playerpics/13638.jpg'),
(311, 'Англия', '18.09.1995', '29', '2', 'Мэтт Таргетт', '5', '1', '4', 'https://football.kulichki.net/playerpics/13027.jpg'),
(312, 'Бельгия', '15.09.1994', '30', '-', 'Бьорн Энгелс', '18', '-', '7', 'https://football.kulichki.net/playerpics/19834.jpg'),
(313, 'Египет', '09.09.1987', '-', '-', 'Ахмед Аль-Мухаммади', '22', '-', '-', 'https://football.kulichki.net/playerpics/4231.jpg'),
(314, 'Англия', '16.07.1995', '11', '-', 'Кортни Хаус', '27', '-', '2', 'https://football.kulichki.net/playerpics/19181.jpg'),
(315, 'Англия', '02.09.1999', '4', '1', 'Каллум Роу', '30', '-', '1', 'https://football.kulichki.net/playerpics/24284.jpg'),
(316, 'Англия', '03.11.2000', '-', '-', 'Джейк Уокер', '38', '-', '-', 'https://football.kulichki.net/playerpics/24283.jpg'),
(317, 'Бразилия', '09.05.1998', '-', '-', 'Дуглас Луис', '46', '-', '-', 'https://football.kulichki.net/playerpics/18024.jpg'),
(318, 'Шотландия', '18.10.1994', '26', '-', 'Джон Макгинн', '6', '1', '8', 'https://football.kulichki.net/playerpics/21307.jpg'),
(319, 'Англия', '10.09.1995', '29', '1', 'Джек Грилиш', '7', '-', '6', 'https://football.kulichki.net/playerpics/11657.jpg'),
(320, 'Египет', '01.10.1994', '22', '6', 'Махмуд Трезеге', '10', '-', '5', 'https://football.kulichki.net/playerpics/17879.jpg'),
(321, 'Зимбабве', '19.01.1994', '21', '2', 'Марвелос Накамба', '17', '-', '-', 'https://football.kulichki.net/playerpics/12882.jpg'),
(322, 'Нидерланды', '03.05.1995', '10', '-', 'Анвар Эль-Гази', '19', '-', '2', 'https://football.kulichki.net/playerpics/12466.jpg'),
(323, 'Франция', '18.08.1994', '19', '3', 'Морган Сансон', '20', '-', '-', 'https://football.kulichki.net/playerpics/10715.jpg'),
(324, 'Англия', '13.02.1998', '20', '6', 'Кейнан Дэвис', '21', '-', '1', 'https://football.kulichki.net/playerpics/21312.jpg'),
(325, 'Англия', '28.05.2001', '9', '-', 'Джейкоб Рэмзи', '25', '-', '3', 'https://football.kulichki.net/playerpics/21978.jpg'),
(326, 'Бразилия', '26.11.1996', '9', '-', 'Уэсли', '39', '-', '-', 'https://football.kulichki.net/playerpics/1758.jpg'),
(327, 'Англия', '30.12.1995', '15', '-', 'Олли Уоткинс', '41', '-', '-', 'https://football.kulichki.net/playerpics/23555.jpg'),
(328, 'Буркина-Фасо', '06.09.1995', '-', '-', 'Бертран Траоре', '9', '-', '-', 'https://football.kulichki.net/playerpics/3946.jpg'),
(329, NULL, NULL, '30', '12', 'Конор Хурихейн', '11', '-', '2', 'https://football.kulichki.net/playerpics/21308.jpg'),
(330, 'Португалия', '15.02.1988', '28', '5', 'Руй Патрисиу', '15', '-', '-', 'https://football.kulichki.net/playerpics/4403.jpg'),
(331, 'Англия', '24.10.1986', '4', '1', 'Джон Радди', '', '-', '-', 'https://football.kulichki.net/playerpics/2721.jpg'),
(332, 'Дания', '17.01.2001', '31', '-', 'Андреас Сендергор', '11', '-', '1', 'https://football.kulichki.net/playerpics/21622.jpg'),
(333, 'Нидерланды', '18.01.2002', '1', '-', 'Ки-Яна Хувер', '21', '-', '-', 'https://football.kulichki.net/playerpics/21594.jpg'),
(334, 'Франция', '06.06.2001', '-', '-', 'Райан Айт-Нури', '62', '-', '-', 'https://football.kulichki.net/playerpics/19319.jpg'),
(335, 'Бразилия', '19.02.1989', '10', '-', 'Фернандо Марсал', '2', '-', '1', 'https://football.kulichki.net/playerpics/14362.jpg'),
(336, 'Кот-д\'Ивуар', '03.02.1992', '15', '1', 'Вилли Боли', '3', '-', '-', 'https://football.kulichki.net/playerpics/6507.jpg'),
(337, 'Англия', '25.02.1993', '12', '-', 'Конор Коди', '5', '-', '2', 'https://football.kulichki.net/playerpics/7040.jpg'),
(338, 'Испания', '03.03.1994', '17', '1', 'Хонни Кастро', '15', '-', '1', 'https://football.kulichki.net/playerpics/8976.jpg'),
(339, 'Португалия', '16.11.1993', '30', '1', 'Нелсон Семеду', '16', '-', '4', 'https://football.kulichki.net/playerpics/14243.jpg'),
(340, 'Ирландия', '15.10.2001', '7', '-', 'Льюис Ричардс', '19', '-', '-', 'https://football.kulichki.net/playerpics/21983.jpg'),
(341, 'Англия', '23.05.1997', '28', '-', 'Макс Килмен', '22', '-', '4', 'https://football.kulichki.net/playerpics/20257.jpg'),
(342, 'Нидерланды', '27.10.2002', '-', '-', 'Найджел Лонвейк', '42', '-', '-', 'https://football.kulichki.net/playerpics/24307.jpg'),
(343, 'Испания', '18.09.2002', '15', '-', 'Уго Буэно', '49', '-', '3', 'https://football.kulichki.net/playerpics/24306.jpg'),
(344, 'Швейцария', '15.01.2003', '-', '-', 'Кристиан Маркес', '57', '-', '-', 'https://football.kulichki.net/playerpics/23164.jpg'),
(345, 'Португалия', '13.03.1997', '-', '-', 'Рубен Невеш', '64', '-', '-', 'https://football.kulichki.net/playerpics/12532.jpg'),
(346, 'Португалия', '21.10.1995', '-', '-', 'Даниэл Поденсе', '75', '-', '-', 'https://football.kulichki.net/playerpics/15675.jpg'),
(347, 'Англия', '27.01.2000', '30', '5', 'Морган Гиббс-Уайт', '8', '-', '7', 'https://football.kulichki.net/playerpics/19186.jpg'),
(348, 'Португалия', '13.02.2000', '20', '3', 'Витинья', '10', '-', '2', 'https://football.kulichki.net/playerpics/22104.jpg'),
(349, 'Англия', '15.07.2001', '5', '-', 'Тейлор Перри', '18', '-', '-', 'https://football.kulichki.net/playerpics/21623.jpg'),
(350, 'Марокко', '26.03.1990', '13', '-', 'Ромайн Сайсс', '20', '-', '-', 'https://football.kulichki.net/playerpics/14079.jpg'),
(351, 'Португалия', '08.09.1986', '-', '-', 'Жоау Моутинью', '26', '-', '-', 'https://football.kulichki.net/playerpics/4337.jpg'),
(352, 'Бельгия', '15.04.1995', '22', '3', 'Леандер Дендонкер', '27', '-', '2', 'https://football.kulichki.net/playerpics/19690.jpg'),
(353, 'США', '06.01.2001', '28', '1', 'Оуэн Отасоуи', '28', '1', '3', 'https://football.kulichki.net/playerpics/22259.jpg'),
(354, 'Англия', '26.04.2002', '26', '1', 'Люк Кандл', '32', '-', '3', 'https://football.kulichki.net/playerpics/24158.jpg'),
(355, 'Португалия', '09.03.2000', '5', '-', 'Педру Нету', '54', '-', '1', 'https://football.kulichki.net/playerpics/17153.jpg'),
(356, 'Мексика', '05.05.1991', '-', '-', 'Рауль Хименес', '68', '-', '-', 'https://football.kulichki.net/playerpics/12706.jpg'),
(357, 'Португалия', '19.07.2002', '31', '5', 'Фабиу Силва', '7', '-', '4', 'https://football.kulichki.net/playerpics/21507.jpg'),
(358, 'Испания', '25.01.1996', '10', '4', 'Адама Траоре', '9', '-', '-', 'https://football.kulichki.net/playerpics/11225.jpg'),
(359, 'Канада', '17.05.2002', '11', '-', 'Тео Корбяну', '12', '-', '-', 'https://football.kulichki.net/playerpics/24159.jpg'),
(360, 'Италия', '03.01.1998', '25', '3', 'Рубен Винагре', '17', '-', '2', 'https://football.kulichki.net/playerpics/19182.jpg'),
(361, NULL, NULL, '30', '1', 'Патрик Кутроне', '37', '-', '3', 'https://football.kulichki.net/playerpics/17176.jpg'),
(362, NULL, NULL, '-', '-', 'Оскар Бюр', '60', '-', '-', 'https://football.kulichki.net/playerpics/21982.jpg'),
(363, 'Англия', '10.03.1993', '2', '-', 'Джек Батленд', '', '-', '-', 'https://football.kulichki.net/playerpics/10728.jpg'),
(364, 'Уэльс', '24.01.1987', '2', '-', 'Уэйн Хеннесси', '', '-', '-', 'https://football.kulichki.net/playerpics/1600.jpg'),
(365, 'Ирландия', '02.05.1988', '1', '-', 'Стивен Хендерсон', '', '-', '-', 'https://football.kulichki.net/playerpics/8250.jpg'),
(366, 'Испания', '18.02.1987', '-', '-', 'Висенте Гуаита', '1', '-', '-', 'https://football.kulichki.net/playerpics/5554.jpg'),
(367, 'Англия', '29.10.1989', '-', '-', 'Джоэл Уорд', '13', '-', '-', 'https://football.kulichki.net/playerpics/10690.jpg'),
(368, 'Нидерланды', '29.08.1990', '-', '-', 'Патрик ван Анхолт', '19', '-', '-', 'https://football.kulichki.net/playerpics/1249.jpg'),
(369, 'Англия', '29.03.1989', '30', '-', 'Джеймс Томкинс', '31', '-', '2', 'https://football.kulichki.net/playerpics/1541.jpg'),
(370, 'Англия', '14.02.1987', '19', '-', 'Скотт Данн', '2', '-', '3', 'https://football.kulichki.net/playerpics/1160.jpg'),
(371, 'Франция', '13.02.1990', '20', '-', 'Мамаду Сахо', '3', '-', '2', 'https://football.kulichki.net/playerpics/2702.jpg'),
(372, 'Англия', '05.04.1991', '5', '-', 'Натаниэл Клайн', '5', '-', '1', 'https://football.kulichki.net/playerpics/8791.jpg'),
(373, 'Англия', '19.12.1985', '12', '1', 'Гэри Кэхилл', '6', '-', '1', 'https://football.kulichki.net/playerpics/1217.jpg'),
(374, 'Англия', '01.09.1999', '4', '-', 'Тайрик Митчелл', '12', '-', '-', 'https://football.kulichki.net/playerpics/22262.jpg'),
(375, 'Англия', '27.04.1990', '13', '-', 'Мартин Келли', '17', '-', '2', 'https://football.kulichki.net/playerpics/1354.jpg'),
(376, 'Англия', '11.09.1998', '16', '1', 'Сэм Вудс', '24', '-', '3', 'https://football.kulichki.net/playerpics/21985.jpg'),
(377, 'Англия', '06.10.2000', '13', '-', 'Нэтан Фергюсон', '27', '-', '1', 'https://football.kulichki.net/playerpics/23162.jpg'),
(378, 'Сербия', '07.04.1991', '-', '-', 'Лука Миливоевич', '34', '-', '-', 'https://football.kulichki.net/playerpics/16251.jpg'),
(379, 'Сенегал', '21.12.1989', '1', '-', 'Шейху Куяте', '35', '-', '-', 'https://football.kulichki.net/playerpics/3739.jpg'),
(380, 'Англия', '16.07.1991', '-', '-', 'Андрос Таунсенд', '36', '-', '-', 'https://football.kulichki.net/playerpics/1517.jpg'),
(381, 'Гана', '23.12.1992', '27', '1', 'Джеффри Шлупп', '4', '1', '7', 'https://football.kulichki.net/playerpics/12559.jpg'),
(382, 'Шотландия', '07.10.1987', '29', '1', 'Джеймс Макартур', '8', '-', '1', 'https://football.kulichki.net/playerpics/1502.jpg'),
(383, 'Ирландия', '12.11.1990', '28', '1', 'Джеймс Маккарти', '10', '-', '-', 'https://football.kulichki.net/playerpics/1584.jpg'),
(384, 'Англия', '29.06.1998', '20', '2', 'Эберечи Эзе', '15', '-', '2', 'https://football.kulichki.net/playerpics/23226.jpg'),
(385, 'Нидерланды', '09.09.1996', '18', '-', 'Джайро Ридевалд', '18', '-', '3', 'https://football.kulichki.net/playerpics/11260.jpg'),
(386, 'Гана', '11.09.1991', '12', '-', 'Джордан Айю', '22', '-', '1', 'https://football.kulichki.net/playerpics/2531.jpg'),
(387, 'Кот-д\'Ивуар', '10.11.1992', '29', '3', 'Уилфрид Заа', '25', '-', '3', 'https://football.kulichki.net/playerpics/10711.jpg'),
(388, 'Франция', '28.06.1997', '27', '2', 'Жан-Филипп Матета', '44', '-', '2', 'https://football.kulichki.net/playerpics/16032.jpg'),
(389, 'Бельгия', '03.12.1990', '27', '1', 'Кристиан Бентеке', '9', '-', '2', 'https://football.kulichki.net/playerpics/8970.jpg'),
(390, 'Англия', '01.01.1993', '23', '9', 'Коннор Уикхэм', '11', '-', '4', 'https://football.kulichki.net/playerpics/6049.jpg'),
(391, 'Бельгия', '02.10.1993', '5', '1', 'Миши Батшуайи', '14', '-', '-', 'https://football.kulichki.net/playerpics/12415.jpg'),
(392, 'Англия', '03.12.1989', '24', '6', 'Алекс Маккарти', '20', '1', '-', 'https://football.kulichki.net/playerpics/6190.jpg'),
(393, 'Англия', '20.12.1997', '-', '-', 'Харри Льюис', '21', '-', '-', 'https://football.kulichki.net/playerpics/10689.jpg'),
(394, 'Англия', '17.03.1988', '17', '2', 'Фрейзер Форстер', '23', '-', '-', 'https://football.kulichki.net/playerpics/3970.jpg'),
(395, 'Англия', '13.04.1997', '25', '-', 'Кайл Уокер-Питерс', '1', '-', '2', 'https://football.kulichki.net/playerpics/18062.jpg'),
(396, 'Англия', '05.08.1989', '-', '-', 'Райан Бертран', '41', '-', '-', 'https://football.kulichki.net/playerpics/6513.jpg'),
(397, 'Дания', '03.08.1992', '6', '-', 'Янник Вестергор', '44', '-', '-', 'https://football.kulichki.net/playerpics/6506.jpg'),
(398, 'Англия', '27.01.1994', '23', '-', 'Джек Стивенс', '2', '-', '4', 'https://football.kulichki.net/playerpics/8697.jpg');
INSERT INTO `players` (`id`, `citizen`, `date`, `games`, `goals`, `name`, `number`, `r_card`, `y_card`, `img`) VALUES
(399, 'Гана', '17.04.1999', '29', '-', 'Мохаммед Салису', '3', '-', '5', 'https://football.kulichki.net/playerpics/21712.jpg'),
(400, 'Англия', '10.10.2000', '23', '3', 'Кейн Рэмсей', '4', '-', '2', 'https://football.kulichki.net/playerpics/20102.jpg'),
(401, 'Польша', '12.04.1996', '13', '-', 'Ян Беднарек', '5', '-', '2', 'https://football.kulichki.net/playerpics/17329.jpg'),
(402, 'Франция', '21.12.2001', '6', '-', 'Аллан Чапчет', '22', '-', '-', NULL),
(403, 'Испания', '24.09.1991', '1', '-', 'Ориоль Ромеу', '31', '-', '1', 'https://football.kulichki.net/playerpics/6150.jpg'),
(404, 'Англия', '01.11.1994', '31', '1', 'Джеймс Уорд-Проуз', '35', '1', '3', 'https://football.kulichki.net/playerpics/8704.jpg'),
(405, 'Англия', '06.03.1994', '1', '-', 'Нейтан Редмонд', '62', '-', '-', 'https://football.kulichki.net/playerpics/6211.jpg'),
(406, 'Мали', '15.06.1998', '20', '1', 'Мусса Дженепо', '6', '-', '6', 'https://football.kulichki.net/playerpics/7584.jpg'),
(407, 'Шотландия', '30.03.1992', '31', '7', 'Стюарт Армстронг', '8', '-', '5', 'https://football.kulichki.net/playerpics/19116.jpg'),
(408, 'Ирландия', '21.02.2000', '22', '2', 'Уильям Смоллбоун', '11', '-', '-', 'https://football.kulichki.net/playerpics/21642.jpg'),
(409, 'Англия', '05.07.1999', '24', '1', 'Натан Телла', '12', '-', '4', 'https://football.kulichki.net/playerpics/22715.jpg'),
(410, 'Франция', '08.03.1999', '26', '4', 'Ибраима Диалло', '17', '-', '3', 'https://football.kulichki.net/playerpics/21328.jpg'),
(411, 'Швейцария', '25.12.2001', '6', '2', 'Александр Янкевиц', '19', '-', '-', 'https://football.kulichki.net/playerpics/24254.jpg'),
(412, 'Австралия', '16.01.2002', '3', '-', 'Калеб Уоттс', '20', '-', '-', NULL),
(413, 'Англия', '16.03.1992', '12', '-', 'Дэнни Ингз', '23', '-', '2', 'https://football.kulichki.net/playerpics/12623.jpg'),
(414, 'Англия', '13.07.1996', '16', '-', 'Че Адамс', '27', '-', '2', 'https://football.kulichki.net/playerpics/21190.jpg'),
(415, 'Ирландия', '06.07.2000', '2', '-', 'Майкл Обафеми', '64', '1', '-', 'https://football.kulichki.net/playerpics/18485.jpg'),
(416, 'Англия', '05.02.1999', '3', '-', 'Дэн Нлундулу', '65', '-', '1', 'https://football.kulichki.net/playerpics/23959.jpg'),
(417, 'Франция', '22.02.1999', '24', '9', 'Шейн Лонг', '9', '-', '1', 'https://football.kulichki.net/playerpics/4077.jpg'),
(418, NULL, NULL, '30', '7', 'Ян Валери', '10', '-', '1', 'https://football.kulichki.net/playerpics/3728.jpg'),
(419, NULL, NULL, '2', '-', 'Джейк Вокинс', '14', '-', '-', 'https://football.kulichki.net/playerpics/21640.jpg'),
(420, 'Англия', '19.04.1992', '17', '2', 'Ник Поуп', '32', '-', '-', 'https://football.kulichki.net/playerpics/15264.jpg'),
(421, 'С.Ирландия', '29.10.1996', '11', '-', 'Бэйли Пикок-Фаррелл', '40', '-', '-', 'https://football.kulichki.net/playerpics/21578.jpg'),
(422, 'Англия', '12.08.1993', '11', '-', 'Уилл Норрис', '', '-', '-', 'https://football.kulichki.net/playerpics/19179.jpg'),
(423, 'Англия', '09.06.1989', '3', '-', 'Мэтью Лоутон', '', '-', '-', 'https://football.kulichki.net/playerpics/8413.jpg'),
(424, 'Англия', '18.09.1993', '1', '-', 'Чарли Тейлор', '', '-', '-', 'https://football.kulichki.net/playerpics/17449.jpg'),
(425, 'Англия', '19.11.1992', '-', '-', 'Джеймс Тарковски', '23', '-', '-', 'https://football.kulichki.net/playerpics/15262.jpg'),
(426, 'Англия', '23.09.1989', '19', '-', 'Бен Ми', '26', '-', '-', 'https://football.kulichki.net/playerpics/1746.jpg'),
(427, 'Нидерланды', '07.08.1988', '-', '-', 'Эрик Питерс', '31', '-', '-', 'https://football.kulichki.net/playerpics/2977.jpg'),
(428, 'Англия', '28.06.1985', '11', '1', 'Филлип Бардсли', '2', '1', '2', 'https://football.kulichki.net/playerpics/1476.jpg'),
(429, 'Ирландия', '18.08.1990', '30', '-', 'Кевин Лонг', '3', '-', '3', 'https://football.kulichki.net/playerpics/13165.jpg'),
(430, 'Англия', '96.09.1998', '22', '-', 'Ричард Нарти', '4', '-', '3', 'https://football.kulichki.net/playerpics/24270.jpg'),
(431, 'Ирландия', '19.10.1997', '28', '4', 'Джимми Данн', '5', '1', '5', 'https://football.kulichki.net/playerpics/1202.jpg'),
(432, 'Англия', '26.11.1999', '-', '-', 'Энтони Дрисколл-Леннон', '6', '-', '-', 'https://football.kulichki.net/playerpics/23865.jpg'),
(433, 'Англия', '25.06.1989', '21', '-', 'Джек Корк', '33', '-', '6', 'https://football.kulichki.net/playerpics/8700.jpg'),
(434, 'Исландия', '27.10.1990', '25', '1', 'Йохан Гудмундссон', '34', '-', '3', 'https://football.kulichki.net/playerpics/3415.jpg'),
(435, 'Англия', '19.12.1995', '29', '1', 'Джош Браунхилл', '8', '1', '6', 'https://football.kulichki.net/playerpics/22240.jpg'),
(436, 'Англия', '22.11.1999', '16', '1', 'Дуайт Макнил', '10', '-', '1', 'https://football.kulichki.net/playerpics/19071.jpg'),
(437, 'Ирландия', '14.01.1992', '28', '4', 'Робби Брэди', '11', '-', '2', 'https://football.kulichki.net/playerpics/8739.jpg'),
(438, 'Англия', '12.12.1989', '27', '2', 'Дейл Стивенс', '13', '-', '2', 'https://football.kulichki.net/playerpics/17288.jpg'),
(439, 'Англия', '01.04.1990', '25', '1', 'Эшли Вествуд', '14', '-', '-', 'https://football.kulichki.net/playerpics/8968.jpg'),
(440, 'Англия', '07.02.2003', '5', '-', 'Льюис Ричардсон', '15', '-', '-', 'https://football.kulichki.net/playerpics/22242.jpg'),
(441, 'Англия', '05.12.1999', '12', '1', 'Джош Бенсон', '17', '-', '2', 'https://football.kulichki.net/playerpics/23866.jpg'),
(442, 'Англия', '13.09.1999', '-', '-', 'Мэйс Гудрайдж', '19', '-', '-', 'https://football.kulichki.net/playerpics/22241.jpg'),
(443, 'Новая Зеландия', '07.12.1991', '21', '2', 'Крис Вуд', '20', '-', '-', 'https://football.kulichki.net/playerpics/4393.jpg'),
(444, 'Англия', '30.10.1989', '7', '-', 'Эшли Барнс', '24', '-', '-', 'https://football.kulichki.net/playerpics/12625.jpg'),
(445, 'Англия', '29.07.1989', '-', '-', 'Джей Родригес', '25', '-', '-', 'https://football.kulichki.net/playerpics/8713.jpg'),
(446, 'Чехия', '01.05.1992', '1', '-', 'Матей Выдра', '41', '-', '-', 'https://football.kulichki.net/playerpics/5291.jpg'),
(447, 'Англия', '09.02.2002', '-', '-', 'Макс Томпсон', '55', '-', '-', 'https://football.kulichki.net/playerpics/22728.jpg'),
(448, 'Швеция', '09.01.1999', '1', '-', 'Жоэл Мумбонго', '67', '-', '-', 'https://football.kulichki.net/playerpics/24255.jpg'),
(449, 'Англия', '18.08.1990', '-', '-', 'Джейсон Стил', '72', '-', '-', 'https://football.kulichki.net/playerpics/19362.jpg'),
(450, 'Испания', '18.11.1997', '15', '2', 'Роберт Санчес', '7', '-', '-', 'https://football.kulichki.net/playerpics/23411.jpg'),
(451, 'Англия', '06.11.1995', '29', '8', 'Кристиан Уолтон', '9', '-', '1', 'https://football.kulichki.net/playerpics/17284.jpg'),
(452, 'Англия', '30.09.2000', '15', '-', 'Тарик Лемпти', '16', '-', '2', 'https://football.kulichki.net/playerpics/22008.jpg'),
(453, 'Англия', '08.10.1997', '18', '4', 'Бен Уайт', '18', '-', '-', 'https://football.kulichki.net/playerpics/23161.jpg'),
(454, 'Англия', '04.01.1995', '-', '-', 'Адам Уэбстер', '21', '-', '-', 'https://football.kulichki.net/playerpics/21585.jpg'),
(455, 'Англия', '21.11.1991', '2', '-', 'Льюис Данк', '22', '-', '-', 'https://football.kulichki.net/playerpics/17285.jpg'),
(456, 'Польша', '13.03.2001', '6', '-', 'Михал Карбовник', '29', '-', '-', 'https://football.kulichki.net/playerpics/24293.jpg'),
(457, 'Англия', '09.05.1992', '11', '-', 'Дэн Берн', '', '-', '1', 'https://football.kulichki.net/playerpics/11323.jpg'),
(458, 'Нидерланды', '15.01.1992', '3', '-', 'Йоэл Велтман', '', '-', '-', 'https://football.kulichki.net/playerpics/8803.jpg'),
(459, 'Мали', '30.08.1996', '1', '-', 'Ив Биссума', '', '-', '-', 'https://football.kulichki.net/playerpics/16026.jpg'),
(460, 'Аргентина', '24.12.1998', '29', '-', 'Алексис Мак Аллистер', '1', '-', '1', 'https://football.kulichki.net/playerpics/22591.jpg'),
(461, 'Бельгия', '04.12.1994', '2', '-', 'Леандро Троссар', '15', '-', '-', 'https://football.kulichki.net/playerpics/20847.jpg'),
(462, 'Германия', '15.06.1991', '-', '-', 'Паскаль Гросс', '25', '-', '-', 'https://football.kulichki.net/playerpics/4046.jpg'),
(463, 'Англия', '10.05.1988', '27', '1', 'Адам Лаллана', '2', '-', '4', 'https://football.kulichki.net/playerpics/8706.jpg'),
(464, 'Польша', '07.04.1999', '22', '-', 'Якуб Модер', '3', '-', '1', 'https://football.kulichki.net/playerpics/24289.jpg'),
(465, 'Колумбия', '08.09.1998', '29', '-', 'Стивен Альсате', '5', '-', '4', 'https://football.kulichki.net/playerpics/21842.jpg'),
(466, 'Колумбия', '07.07.1992', '24', '2', 'Хосе Искьердо', '6', '-', '2', 'https://football.kulichki.net/playerpics/18114.jpg'),
(467, 'Англия', '20.07.1994', '20', '-', 'Солли Марч', '23', '-', '1', 'https://football.kulichki.net/playerpics/17291.jpg'),
(468, 'Нидерланды', '02.09.1991', '4', '-', 'Дэви Прёппер', '26', '-', '2', 'https://football.kulichki.net/playerpics/3325.jpg'),
(469, 'Эквадор', '02.11.2001', '8', '-', 'Мойсес Кайседо', '28', '-', '2', 'https://football.kulichki.net/playerpics/24294.jpg'),
(470, 'Англия', '04.01.1999', '-', '-', 'Макс Сандерс', '31', '-', '-', 'https://football.kulichki.net/playerpics/23413.jpg'),
(471, 'Швеция', '04.09.2000', '2', '1', 'Петер Гваргис', '34', '-', '-', 'https://football.kulichki.net/playerpics/23867.jpg'),
(472, 'Германия', '04.07.2001', '-', '-', 'Реда Хадра', '45', '-', '-', 'https://football.kulichki.net/playerpics/24195.jpg'),
(473, 'Англия', '12.03.2002', '9', '-', 'Тедди Дженкс', '4', '-', '1', 'https://football.kulichki.net/playerpics/23868.jpg'),
(474, 'Ирландия', '28.01.2000', '17', '2', 'Аарон Коннолли', '7', '-', '1', 'https://football.kulichki.net/playerpics/21787.jpg'),
(475, 'Франция', '14.08.1996', '26', '-', 'Нил Мопе', '8', '-', '2', 'https://football.kulichki.net/playerpics/9032.jpg'),
(476, 'Иран', '11.08.1993', '29', '2', 'Алиреза Джаханбахш', '11', '-', '1', 'https://football.kulichki.net/playerpics/10596.jpg'),
(477, 'Англия', '26.11.1990', '19', '1', 'Дэнни Уэлбек', '12', '-', '3', 'https://football.kulichki.net/playerpics/2870.jpg'),
(478, 'Румыния', '11.04.1993', '7', '-', 'Флорин Андоне', '16', '-', '1', 'https://football.kulichki.net/playerpics/13169.jpg'),
(479, 'ЮАР', '13.05.1994', '31', '1', 'Перси Тау', '18', '-', '6', 'https://football.kulichki.net/playerpics/19321.jpg'),
(480, 'Швейцария', '22.06.1999', '2', '-', 'Энди Зекири', '38', '-', '-', 'https://football.kulichki.net/playerpics/23789.jpg'),
(481, NULL, NULL, '6', '-', 'Бернардо', '41', '-', '-', 'https://football.kulichki.net/playerpics/5288.jpg'),
(482, NULL, NULL, '-', '-', 'Джейсон Моламби', '44', '-', '-', 'https://football.kulichki.net/playerpics/23412.jpg'),
(483, 'Словакия', '15.05.1989', '26', '7', 'Мартин Дубравка', '9', '-', '-', 'https://football.kulichki.net/playerpics/18515.jpg'),
(484, 'Англия', '08.10.1990', '18', '3', 'Карл Дарлоу', '10', '-', '4', 'https://football.kulichki.net/playerpics/3650.jpg'),
(485, 'Англия', '27.03.1992', '25', '1', 'Марк Гиллеспи', '19', '-', '3', 'https://football.kulichki.net/playerpics/23282.jpg'),
(486, 'Англия', '28.12.2000', '21', '3', 'Дэниэл Лангли', '27', '-', '-', 'https://football.kulichki.net/playerpics/23983.jpg'),
(487, 'Англия', '26.09.1989', '-', '-', 'Киран Кларк', '33', '-', '-', 'https://football.kulichki.net/playerpics/1128.jpg'),
(488, 'Уэльс', '26.09.1991', '4', '-', 'Пол Дамметт', '46', '-', '1', 'https://football.kulichki.net/playerpics/10917.jpg'),
(489, 'Швейцария', '20.12.1991', '6', '-', 'Фабиан Шер', '1', '-', '-', 'https://football.kulichki.net/playerpics/13633.jpg'),
(490, 'Англия', '11.11.1993', '25', '-', 'Джамал Ласселлс', '26', '-', '3', 'https://football.kulichki.net/playerpics/14104.jpg'),
(491, 'С.Ирландия', '25.01.1998', '-', '-', 'Джамал Льюис', '29', '-', '-', 'https://football.kulichki.net/playerpics/21286.jpg'),
(492, 'Швеция', '02.08.1994', '-', '-', 'Эмиль Крафт', '41', '-', '-', 'https://football.kulichki.net/playerpics/14479.jpg'),
(493, 'Аргентина', '21.02.1989', '19', '1', 'Федерико Фернандес', '2', '-', '3', 'https://football.kulichki.net/playerpics/7299.jpg'),
(494, 'Испания', '05.05.1994', '8', '-', 'Хавьер Манкильо', '3', '-', '2', 'https://football.kulichki.net/playerpics/9147.jpg'),
(495, 'Англия', '21.03.2000', '16', '-', 'Мэтти Лонгстафф', '5', '-', '4', 'https://football.kulichki.net/playerpics/21639.jpg'),
(496, 'Англия', '27.02.1992', '19', '2', 'Джонджо Шелви', '6', '-', '4', 'https://football.kulichki.net/playerpics/2886.jpg'),
(497, 'Франция', '12.03.1997', '23', '-', 'Аллен Сен-Максимен', '15', '-', '4', 'https://football.kulichki.net/playerpics/11055.jpg'),
(498, 'Шотландия', '10.09.1989', '12', '-', 'Мэтт Ричи', '17', '-', '3', 'https://football.kulichki.net/playerpics/13970.jpg'),
(499, 'Англия', '22.03.1995', '17', '-', 'Исаак Хэйден', '18', '-', '2', 'https://football.kulichki.net/playerpics/310.jpg'),
(500, 'Ирландия', '31.01.1992', '13', '-', 'Джефф Хендрик', '19', '-', '1', 'https://football.kulichki.net/playerpics/15960.jpg'),
(501, 'Шотландия', '24.02.1994', '6', '-', 'Райан Фрейзер', '4', '-', '-', 'https://football.kulichki.net/playerpics/15909.jpg'),
(502, 'Англия', '24.02.1995', '23', '1', 'Джейкоб Мерфи', '8', '-', '5', 'https://football.kulichki.net/playerpics/1155.jpg'),
(503, 'Парагвай', '13.11.1993', '18', '3', 'Мигель Альмирон', '10', '-', '-', 'https://football.kulichki.net/playerpics/16293.jpg'),
(504, 'Сенегал', '26.10.1990', '11', '-', 'Анри Севе', '11', '-', '1', 'https://football.kulichki.net/playerpics/2394.jpg'),
(505, 'Гана', '10.01.1992', '24', '-', 'Кристиан Атсу', '14', '-', '8', 'https://football.kulichki.net/playerpics/4358.jpg'),
(506, 'Англия', '30.10.1997', '20', '2', 'Шон Лонгстафф', '16', '1', '1', 'https://football.kulichki.net/playerpics/20101.jpg'),
(507, 'Шотландия', '06.11.2002', '18', '-', 'Эллиот Андерсон', '21', '1', '-', NULL),
(508, 'Англия', '06.01.1989', '19', '2', 'Энди Кэрролл', '23', '-', '2', 'https://football.kulichki.net/playerpics/2905.jpg'),
(509, 'Бразилия', '14.08.1996', '27', '4', 'Жоэлинтон', '24', '-', '2', 'https://football.kulichki.net/playerpics/13631.jpg'),
(510, 'Англия', '17.10.1990', '-', '-', 'Дуайт Гейл', '28', '-', '-', 'https://football.kulichki.net/playerpics/10134.jpg'),
(511, 'Англия', '27.02.1992', '8', '2', 'Каллум Уилсон', '28', '-', '-', 'https://football.kulichki.net/playerpics/13967.jpg'),
(512, NULL, NULL, '-', '-', 'Деандре Йедлин', '30', '-', '-', 'https://football.kulichki.net/playerpics/13508.jpg'),
(513, 'Франция', '27.02.1993', '14', '-', 'Альфонс Ареола', '36', '-', '2', 'https://football.kulichki.net/playerpics/3445.jpg'),
(514, 'Словакия', '13.12.1996', '1', '-', 'Марек Родак', '57', '-', '-', 'https://football.kulichki.net/playerpics/23150.jpg'),
(515, 'Испания', '31.12.1987', '16', '1', 'Фабри', '7', '-', '1', 'https://football.kulichki.net/playerpics/3819.jpg'),
(516, 'Нидерланды', '09.10.1995', '25', '2', 'Кенни Тете', '9', '-', '3', 'https://football.kulichki.net/playerpics/13253.jpg'),
(517, 'Ямайка', '19.07.1992', '13', '1', 'Майкл Гектор', '12', '-', '-', 'https://football.kulichki.net/playerpics/15433.jpg'),
(518, 'Бельгия', '27.05.1988', '22', '10', 'Денис Одои', '13', '-', '2', 'https://football.kulichki.net/playerpics/19142.jpg'),
(519, 'Дания', '31.05.1996', '6', '-', 'Йоахим Андерсен', '', '-', '-', 'https://football.kulichki.net/playerpics/13409.jpg'),
(520, 'США', '05.10.1987', '31', '-', 'Тим Рим', '1', '-', '-', 'https://football.kulichki.net/playerpics/4502.jpg'),
(521, 'Англия', '24.09.1997', '1', '-', 'Тосин Адарабиойо', '12', '-', '-', 'https://football.kulichki.net/playerpics/23651.jpg'),
(522, 'Англия', '17.09.1993', '-', '-', 'Джо Брайан', '31', '-', '-', 'https://football.kulichki.net/playerpics/19701.jpg'),
(523, 'Нидерланды', '14.02.1994', '18', '-', 'Теренс Конголо', '2', '-', '2', 'https://football.kulichki.net/playerpics/7535.jpg'),
(524, 'США', '08.08.1997', '4', '-', 'Энтони Робинсон', '3', '-', '2', 'https://football.kulichki.net/playerpics/23151.jpg'),
(525, 'Англия', '08.10.1996', '3', '-', 'Ола Эйна', '4', '-', '1', 'https://football.kulichki.net/playerpics/14811.jpg'),
(526, 'Шотландия', '04.11.1988', '26', '1', 'Кевин Макдональд', '5', '1', '5', 'https://football.kulichki.net/playerpics/19143.jpg'),
(527, 'Англия', '20.01.1991', '5', '-', 'Том Кэрни', '13', '-', '-', 'https://football.kulichki.net/playerpics/19146.jpg'),
(528, 'Франция', '01.09.1993', '27', '-', 'Марио Лемина', '16', '-', '1', 'https://football.kulichki.net/playerpics/9230.jpg'),
(529, 'Англия', '20.10.1997', '12', '-', 'Адемола Лукмен', '23', '-', '2', 'https://football.kulichki.net/playerpics/16190.jpg'),
(530, 'Англия', '27.01.1995', '1', '-', 'Харрисон Рид', '30', '-', '-', 'https://football.kulichki.net/playerpics/11244.jpg'),
(531, 'Англия', '27.04.1997', '25', '-', 'Джош Онома', '33', '1', '4', 'https://football.kulichki.net/playerpics/14441.jpg'),
(532, 'Камерун', '16.11.1995', '28', '2', 'Андре Замбо-Ангисса', '34', '-', '2', 'https://football.kulichki.net/playerpics/10215.jpg'),
(533, 'Австралия', '16.07.2000', '-', '-', 'Тайрес Франсуа', '6', '-', '-', 'https://football.kulichki.net/playerpics/23987.jpg'),
(534, 'Англия', '30.08.2002', '10', '1', 'Фабио Карвальо', '10', '-', '2', 'https://football.kulichki.net/playerpics/23988.jpg'),
(535, 'Сербия', '16.09.1994', '26', '1', 'Александар Митрович', '15', '-', '3', 'https://football.kulichki.net/playerpics/13874.jpg'),
(536, 'Ямайка', '02.02.1993', '23', '1', 'Бобби Де Кордова-Рид', '18', '-', '3', 'https://football.kulichki.net/playerpics/19171.jpg'),
(537, 'Португалия', '18.10.1993', '28', '4', 'Иван Кавалейру', '19', '-', '4', 'https://football.kulichki.net/playerpics/11201.jpg'),
(538, 'Англия', '27.12.1998', '28', '-', 'Джош Майя', '21', '-', '5', 'https://football.kulichki.net/playerpics/339.jpg'),
(539, 'Англия', '13.09.2001', '7', '-', 'Сильвестр Джаспер', '25', '-', '1', 'https://football.kulichki.net/playerpics/24316.jpg'),
(540, 'ДР Конго', '10.03.1992', '30', '-', 'Абубакар Камара', '29', '-', '5', 'https://football.kulichki.net/playerpics/12905.jpg'),
(541, NULL, NULL, '-', '-', 'Нескенс Кебано', '35', '-', '-', 'https://football.kulichki.net/playerpics/6497.jpg'),
(542, NULL, NULL, '-', '-', 'Максим Ле Маршан', '48', '-', '-', 'https://football.kulichki.net/playerpics/13954.jpg'),
(543, 'Англия', '25.03.1993', '25', '3', 'Сэм Джонстоун', '9', '-', '3', 'https://football.kulichki.net/playerpics/942.jpg'),
(544, 'Англия', '27.02.1989', '26', '5', 'Дэвид Баттон', '14', '-', '6', 'https://football.kulichki.net/playerpics/19139.jpg'),
(545, 'Англия', '19.10.1983', '31', '3', 'Энди Лонерган', '17', '-', '2', 'https://football.kulichki.net/playerpics/21672.jpg'),
(546, 'Англия', '26.09.1989', '10', '2', 'Киран Гиббс', '27', '-', '-', 'https://football.kulichki.net/playerpics/1086.jpg'),
(547, 'Англия', '31.10.1995', '-', '-', 'Дарнелл Ферлонг', '58', '-', '-', 'https://football.kulichki.net/playerpics/13323.jpg'),
(548, 'Англия', '22.05.1991', '11', '-', 'Кайл Бартли', '', '1', '1', 'https://football.kulichki.net/playerpics/1085.jpg'),
(549, 'Нигерия', '09.11.1993', '5', '-', 'Семи Аджайи', '', '-', '-', 'https://football.kulichki.net/playerpics/23153.jpg'),
(550, 'Англия', '04.03.1993', '3', '-', 'Конор Таунсенд', '', '-', '2', 'https://football.kulichki.net/playerpics/10723.jpg'),
(551, 'Сербия', '22.02.1984', '30', '-', 'Бранислав Иванович', '1', '-', '-', 'https://football.kulichki.net/playerpics/1250.jpg'),
(552, 'Англия', '11.12.1986', '1', '-', 'Ли Пелтьер', '25', '-', '-', 'https://football.kulichki.net/playerpics/19167.jpg'),
(553, 'Ирландия', '04.03.1999', '-', '-', 'Дара О\'Ши', '31', '-', '-', 'https://football.kulichki.net/playerpics/23154.jpg'),
(554, 'Англия', '14.11.1989', '11', '-', 'Джейк Ливермур', 'n', '1', '-', 'https://football.kulichki.net/playerpics/1523.jpg'),
(555, 'Шотландия', '13.03.1991', '28', '1', 'Мэтт Филлипс', '2', '-', '4', 'https://football.kulichki.net/playerpics/12563.jpg'),
(556, 'Англия', '19.04.1998', '23', '3', 'Грэди Диангана', '5', '-', '3', 'https://football.kulichki.net/playerpics/1304.jpg'),
(557, 'Бразилия', '05.05.1996', '26', '2', 'Матеус Перейра', '6', '1', '3', 'https://football.kulichki.net/playerpics/14583.jpg'),
(558, 'Польша', '08.06.1988', '18', '-', 'Камиль Гросицки', '14', '-', '-', 'https://football.kulichki.net/playerpics/11366.jpg'),
(559, 'Англия', '06.02.2000', '13', '-', 'Конор Галлахер', '20', '-', '2', 'https://football.kulichki.net/playerpics/23680.jpg'),
(560, 'Англия', '02.11.1991', '3', '-', 'Ромайн Соуэрс', '22', '-', '1', 'https://football.kulichki.net/playerpics/1766.jpg'),
(561, 'Англия', '17.02.1998', '24', '-', 'Кайл Эдвардс', '27', '-', '3', 'https://football.kulichki.net/playerpics/23155.jpg'),
(562, 'Турция', '09.03.1994', '17', '-', 'Окай Йокушлу', '8', '1', '2', 'https://football.kulichki.net/playerpics/14193.jpg'),
(563, 'Уэльс', '21.05.1989', '26', '2', 'Хэл Робсон-Кану', '10', '-', '1', 'https://football.kulichki.net/playerpics/8678.jpg'),
(564, 'Ирландия', '02.02.1995', '16', '1', 'Каллум Робинсон', '11', '-', '-', 'https://football.kulichki.net/playerpics/11617.jpg'),
(565, 'Сенегал', '28.10.1991', '27', '8', 'Мбайе Диань', '12', '1', '2', 'https://football.kulichki.net/playerpics/18475.jpg'),
(566, 'Англия', '18.09.1997', '3', '-', 'Карлан Грант', '13', '-', '-', 'https://football.kulichki.net/playerpics/20198.jpg'),
(567, 'Англия', '05.07.1989', '24', '2', 'Филип Кровинович', '18', '-', '7', 'https://football.kulichki.net/playerpics/14601.jpg'),
(568, 'Англия', '08.03.2000', '19', '-', 'Чарли Остин', '19', '-', '3', 'https://football.kulichki.net/playerpics/12557.jpg'),
(569, NULL, NULL, '5', '-', 'Сэм Филд', '21', '-', '-', 'https://football.kulichki.net/playerpics/15067.jpg'),
(570, NULL, NULL, '8', '-', 'Реким Харпер', '23', '-', '2', 'https://football.kulichki.net/playerpics/18043.jpg'),
(571, NULL, NULL, '9', '-', 'Ахмед Хегази', '30', '-', '1', 'https://football.kulichki.net/playerpics/8849.jpg'),
(572, 'Англия', '14.05.1998', '9', '-', 'Арон Ремсдейл', '35', '-', '1', 'https://football.kulichki.net/playerpics/3221.jpg'),
(573, 'Англия', '14.01.1991', '14', '-', 'Уэс Фодерингем', '4', '-', '1', 'https://football.kulichki.net/playerpics/23307.jpg'),
(574, 'Англия', '19.05.1990', '23', '5', 'Саймон Мур', '7', '-', '-', 'https://football.kulichki.net/playerpics/10518.jpg'),
(575, 'Англия', '26.01.1993', '11', '2', 'Джордж Болдок', '17', '-', '2', 'https://football.kulichki.net/playerpics/21300.jpg'),
(576, 'Ирландия', '09.07.1990', '17', '1', 'Энда Стивенс', '29', '-', '1', 'https://football.kulichki.net/playerpics/1632.jpg'),
(577, 'Англия', '29.03.1994', '11', '-', 'Джек О\'Коннелл', '', '-', '-', 'https://football.kulichki.net/playerpics/21295.jpg'),
(578, 'Англия', '20.07.1988', '5', '-', 'Крис Бэшем', '', '-', '-', 'https://football.kulichki.net/playerpics/21296.jpg'),
(579, 'Ирландия', '20.10.1992', '3', '-', 'Джон Эган', '', '-', '-', 'https://football.kulichki.net/playerpics/8752.jpg'),
(580, 'Англия', '11.05.1997', '2', '-', 'Макс Лоу', '', '-', '-', 'https://football.kulichki.net/playerpics/23553.jpg'),
(581, 'Англия', '17.08.1982', '1', '-', 'Фил Джагиелка', '', '-', '-', 'https://football.kulichki.net/playerpics/1283.jpg'),
(582, 'Англия', '01.09.1993', '31', '-', 'Джек Робинсон', '1', '-', '-', 'https://football.kulichki.net/playerpics/1353.jpg'),
(583, 'Англия', '27.07.2000', '-', '-', 'Джейден Богл', '18', '-', '-', 'https://football.kulichki.net/playerpics/23552.jpg'),
(584, 'Уэльс', '14.09.2000', '-', '-', 'Итан Ампаду', '25', '-', '-', 'https://football.kulichki.net/playerpics/18414.jpg'),
(585, 'Англия', '01.11.1996', '26', '-', 'Кин Брайан', '2', '-', '4', 'https://football.kulichki.net/playerpics/21297.jpg'),
(586, 'Англия', '24.05.2002', '23', '-', 'Киран Гордон', '3', '-', '3', 'https://football.kulichki.net/playerpics/24317.jpg'),
(587, 'Шотландия', '24.08.1991', '2', '-', 'Джон Флек', '5', '-', '-', 'https://football.kulichki.net/playerpics/21301.jpg'),
(588, 'Англия', '18.02.1994', '26', '-', 'Джон Лундстрем', '6', '-', '2', 'https://football.kulichki.net/playerpics/10712.jpg'),
(589, 'Норвегия', '14.02.1998', '24', '-', 'Сандер Берге', '12', '1', '6', 'https://football.kulichki.net/playerpics/22112.jpg'),
(590, 'Шотландия', '07.04.1997', '8', '-', 'Оливер Берк', '13', '-', '1', 'https://football.kulichki.net/playerpics/15946.jpg'),
(591, 'С.Ирландия', '12.04.1991', '9', '-', 'Оливер Норвуд', '15', '1', '1', 'https://football.kulichki.net/playerpics/17289.jpg'),
(592, 'Англия', '05.08.1994', '8', '-', 'Бен Осборн', '19', '-', '2', 'https://football.kulichki.net/playerpics/1139.jpg'),
(593, 'Англия', '11.03.1991', '12', '2', 'Джек Родуэлл', '20', '-', '2', 'https://football.kulichki.net/playerpics/1294.jpg'),
(594, 'Англия', '17.11.2001', '24', '-', 'Зэк Брант', '22', '-', '3', 'https://football.kulichki.net/playerpics/23990.jpg'),
(595, 'Франция', '06.03.2000', '10', '1', 'Илиман Ндиайе', '29', '-', '1', 'https://football.kulichki.net/playerpics/24318.jpg'),
(596, 'Англия', '04.06.1996', '-', '-', 'Оливер Макберни', '33', '-', '-', 'https://football.kulichki.net/playerpics/15932.jpg'),
(597, 'Англия', '05.02.1986', '24', '-', 'Билли Шарп', '4', '-', '3', 'https://football.kulichki.net/playerpics/8709.jpg'),
(598, 'Франция', '08.02.1996', '26', '-', 'Лис Муссе', '7', '1', '8', 'https://football.kulichki.net/playerpics/15753.jpg'),
(599, 'Ирландия', '29.11.1987', '13', '1', 'Дэвид Макголдрик', '8', '-', '4', 'https://football.kulichki.net/playerpics/21303.jpg'),
(600, 'Англия', '01.04.2000', '21', '1', 'Риан Брюстер', '14', '-', '2', 'https://football.kulichki.net/playerpics/6499.jpg'),
(601, 'Англия', '20.03.2004', '25', '-', 'Антвуан Хэкфорд', '16', '-', '4', NULL);

-- --------------------------------------------------------

--
-- Структура таблицы `result`
--

CREATE TABLE `result` (
  `id` bigint(20) NOT NULL,
  `club1` varchar(255) DEFAULT NULL,
  `club2` varchar(255) DEFAULT NULL,
  `date` varchar(255) DEFAULT NULL,
  `date_now` date DEFAULT NULL,
  `result` varchar(255) DEFAULT NULL,
  `liga_id` bigint(20) DEFAULT NULL,
  `img1` varchar(255) DEFAULT NULL,
  `img2` varchar(255) DEFAULT NULL
) ENGINE=InnoDB DEFAULT CHARSET=utf8;

--
-- Дамп данных таблицы `result`
--

INSERT INTO `result` (`id`, `club1`, `club2`, `date`, `date_now`, `result`, `liga_id`, `img1`, `img2`) VALUES
(804, 'Ротор', 'Ахмат', '1 мая', '2021-05-06', '1:0', 2, 'http://football.kulichki.net/fnl/logo/Rotor.jpg', 'http://football.kulichki.net/ruschamp/teams/logo/Akhmat.jpg'),
(805, 'Рубин', 'Динамо', '1 мая', '2021-05-06', '2:0', 2, 'http://football.kulichki.net/ruschamp/teams/logo/Rubin.png', 'http://football.kulichki.net/ruschamp/teams/logo/Dinamo.jpg'),
(806, 'ЦСКА', 'Уфа', '1 мая', '2021-05-06', '1:1', 2, 'http://football.kulichki.net/ruschamp/teams/logo/CSKA.jpg', 'http://football.kulichki.net/fnl/logo/Ufa.jpg'),
(807, 'Краснодар', 'Сочи', '1 мая', '2021-05-06', '1:3', 2, 'http://football.kulichki.net/ruschamp/teams/logo/Krasnodar.jpg', 'http://football.kulichki.net/fnl/logo/Sochi.jpg'),
(808, 'Химки', 'Урал', '2 мая', '2021-05-06', '1:0', 2, 'http://football.kulichki.net/fnl/logo/Khimki.jpg', 'http://football.kulichki.net/ruschamp/teams/logo/Ural.jpg'),
(809, 'Ростов', 'Тамбов', '2 мая', '2021-05-06', '2:0', 2, 'http://football.kulichki.net/ruschamp/teams/logo/Rostov.jpg', 'http://football.kulichki.net/ruschamp/teams/logo/Tambov.jpg'),
(810, 'Зенит', 'Локомотив', '2 мая', '2021-05-06', '6:1', 2, 'http://football.kulichki.net/ruschamp/teams/logo/Zenit.jpg', 'http://football.kulichki.net/ruschamp/teams/logo/Lokomotiv.gif'),
(811, 'Арсенал', 'Спартак', '3 мая', '2021-05-06', '1:2', 2, 'http://football.kulichki.net/fnl/logo/Arsenal.jpg', 'http://football.kulichki.net/ruschamp/teams/logo/Spartak.jpg'),
(812, 'Саутгемптон', 'Лестер', '30 апреля', '2021-05-06', '1:1', 4, 'http://football.kulichki.net/england/logo/Crystal_Palace.jpg', 'http://football.kulichki.net/england/logo/Leicester.jpg'),
(813, 'Кристал Пэлас', 'Манчестер Сити', '1 мая', '2021-05-06', '0:2', 4, 'http://football.kulichki.net/england/logo/Leeds.png', 'http://football.kulichki.net/england/logo/Manchester_City.png'),
(814, 'Брайтон', 'Лидс', '1 мая', '2021-05-06', '2:0', 4, 'http://football.kulichki.net/england/logo/Burnley.jpg', 'http://football.kulichki.net/england/logo/Arsenal.jpg'),
(815, 'Челси', 'Фулхэм', '1 мая', '2021-05-06', '2:0', 4, 'http://football.kulichki.net/england/logo/Chelsea.jpg', 'http://football.kulichki.net/england/logo/Newcastle.jpg'),
(816, 'Эвертон', 'Астон Вилла', '1 мая', '2021-05-06', '1:2', 4, 'http://football.kulichki.net/england/logo/Everton.jpg', 'http://football.kulichki.net/england/logo/Aston_Villa.jpg'),
(817, 'Ньюкасл', 'Арсенал', '2 мая', '2021-05-06', '0:2', 4, 'http://football.kulichki.net/england/logo/Brighton.jpg', 'http://football.kulichki.net/fnl/logo/Arsenal.jpg'),
(818, 'Тоттенхэм', 'Шеффилд Юнайтед', '2 мая', '2021-05-06', '4:0', 4, 'http://football.kulichki.net/england/logo/Tottenham.jpg', 'http://football.kulichki.net/england/logo/West_Bromwich.jpg'),
(819, 'Вест Бромвич', 'Вулверхэмптон', '3 мая', '2021-05-06', '1:1', 4, 'http://football.kulichki.net/england/logo/Fulham.jpg', 'http://football.kulichki.net/england/logo/Southampton.png'),
(820, 'Бернли', 'Вест Хэм', '3 мая', '2021-05-06', '1:2', 4, 'http://football.kulichki.net/england/logo/Wolverhampton.jpg', 'http://football.kulichki.net/england/logo/West_Ham.jpg'),
(821, 'Штутгарт', 'Аугсбург', '7 мая', '2021-05-06', '1:1', 3, 'http://football.kulichki.net/germany/logo/Stuttgart.jpg', 'http://football.kulichki.net/germany/logo/Augsburg.jpg'),
(832, 'Сельта', 'Леванте', '30 апреля', '2021-05-06', '2:0', 1, 'http://football.kulichki.net/spain/logo/Celta.png', 'http://football.kulichki.net/spain/logo/Levante.jpg'),
(833, 'Эйбар', 'Алавес', '1 мая', '2021-05-06', '3:0', 1, 'http://football.kulichki.net/spain/logo/Eibar.jpg', 'http://football.kulichki.net/spain/logo/Alaves.jpg'),
(834, 'Эльче', 'Атлетико', '1 мая', '2021-05-06', '0:1', 1, 'http://football.kulichki.net/spain/logo/Elche.jpg', 'http://football.kulichki.net/spain/logo/Athletico.jpg'),
(835, 'Уэска', 'Реал Сосьедад', '1 мая', '2021-05-06', '1:0', 1, 'http://football.kulichki.net/spain/logo/Huesca.jpg', 'http://football.kulichki.net/spain/logo/Real Sociedad.jpg'),
(836, 'Реал Мадрид', 'Осасуна', '1 мая', '2021-05-06', '2:0', 1, 'http://football.kulichki.net/spain/logo/Real Madrid.jpg', 'http://football.kulichki.net/spain/logo/Osasuna.jpg'),
(837, 'Вальядолид', 'Бетис', '2 мая', '2021-05-06', '1:1', 1, 'http://football.kulichki.net/spain/logo/Valladolid.png', 'http://football.kulichki.net/spain/logo/Betis.jpg'),
(838, 'Вильярреал', 'Хетафе', '2 мая', '2021-05-06', '1:0', 1, 'http://football.kulichki.net/spain/logo/Villarreal.jpg', 'http://football.kulichki.net/spain/logo/Getafe.jpg'),
(839, 'Гранада', 'Кадис', '2 мая', '2021-05-06', '0:1', 1, 'http://football.kulichki.net/spain/logo/Granada.jpg', 'https://football.kulichki.net/spain/logo/Cadiz.jpg'),
(840, 'Валенсия', 'Барселона', '2 мая', '2021-05-06', '2:3', 1, 'http://football.kulichki.net/spain/logo/Valencia.jpg', 'http://football.kulichki.net/spain/logo/Barcelona.jpg'),
(841, 'Севилья', 'Атлетик', '3 мая', '2021-05-06', '0:1', 1, 'http://football.kulichki.net/spain/logo/Sevilla.jpg', 'http://football.kulichki.net/spain/logo/Athletic.jpg'),
(842, 'Атлетик', 'Вальядолид', '28 апреля', '2021-05-06', '2:2', 1, 'http://football.kulichki.net/spain/logo/Athletic.jpg', 'http://football.kulichki.net/spain/logo/Valladolid.png'),
(843, 'Барселона', 'Гранада', '29 апреля', '2021-05-06', '1:2', 1, 'http://football.kulichki.net/spain/logo/Barcelona.jpg', 'http://football.kulichki.net/spain/logo/Granada.jpg'),
(844, 'Верона', 'Специя', '1 мая', '2021-05-06', '1:1', 6, 'http://football.kulichki.net/italy/logo/Verona.jpg', 'https://football.kulichki.net/italy/logo/Spezia.jpg'),
(845, 'Кротоне', 'Интер', '1 мая', '2021-05-06', '0:2', 6, 'http://football.kulichki.net/italy/logo/Crotone.jpg', 'http://football.kulichki.net/italy/logo/Inter.jpg'),
(846, 'Милан', 'Беневенто', '1 мая', '2021-05-06', '2:0', 6, 'http://football.kulichki.net/italy/logo/Milan.jpg', 'http://football.kulichki.net/italy/logo/Benevento.jpg'),
(847, 'Лацио', 'Дженоа', '2 мая', '2021-05-06', '4:3', 6, 'http://football.kulichki.net/italy/logo/Lazio.jpg', 'http://football.kulichki.net/italy/logo/Genoa.jpg'),
(848, 'Болонья', 'Фиорентина', '2 мая', '2021-05-06', '3:3', 6, 'http://football.kulichki.net/italy/logo/Bologna.jpg', 'http://football.kulichki.net/italy/logo/Fiorentina.jpg'),
(849, 'Наполи', 'Кальяри', '2 мая', '2021-05-06', '1:1', 6, 'http://football.kulichki.net/italy/logo/Napoli.jpg', 'http://football.kulichki.net/italy/logo/Cagliari.jpg'),
(850, 'Сассуоло', 'Аталанта', '2 мая', '2021-05-06', '1:1', 6, 'http://football.kulichki.net/italy/logo/Sassuolo.jpg', 'http://football.kulichki.net/italy/logo/Atalanta.jpg'),
(851, 'Удинезе', 'Ювентус', '2 мая', '2021-05-06', '1:2', 6, 'http://football.kulichki.net/italy/logo/Udinese.jpg', 'http://football.kulichki.net/italy/logo/Juventus.jpg'),
(852, 'Сампдория', 'Рома', '2 мая', '2021-05-06', '2:0', 6, 'http://football.kulichki.net/italy/logo/Sampdoria.jpg', 'http://football.kulichki.net/italy/logo/Roma.jpg'),
(853, 'Торино', 'Парма', '3 мая', '2021-05-06', '1:0', 6, 'http://football.kulichki.net/italy/logo/Torino.jpg', 'http://football.kulichki.net/italy/logo/Parma.jpg'),
(854, 'Марсель', 'Страсбур', '30 апреля', '2021-05-06', '1:1', 7, 'http://football.kulichki.net/france/logo/Marseil.jpg', 'http://football.kulichki.net/france/logo/Strasbourg.jpg'),
(855, 'ПСЖ', 'Ланс', '1 мая', '2021-05-06', '2:1', 7, 'http://football.kulichki.net/france/logo/PSG.jpg', 'http://football.kulichki.net/france/logo/Lens.jpg'),
(856, 'Лилль', 'Ницца', '1 мая', '2021-05-06', '2:0', 7, 'http://football.kulichki.net/france/logo/Lille.jpg', 'http://football.kulichki.net/france/logo/Nice.jpg'),
(857, 'Бордо', 'Ренн', '2 мая', '2021-05-06', '1:0', 7, 'http://football.kulichki.net/france/logo/Bordo.jpg', 'http://football.kulichki.net/france/logo/Rennais.jpg'),
(858, 'Брест', 'Нант', '2 мая', '2021-05-06', '1:4', 7, 'http://football.kulichki.net/france/logo/Brest.jpg', 'http://football.kulichki.net/france/logo/Nantes.jpg'),
(859, 'Дижон', 'Мец', '2 мая', '2021-05-06', '1:5', 7, 'http://football.kulichki.net/france/logo/Dijon.jpg', 'http://football.kulichki.net/france/logo/Metz.jpg'),
(860, 'Лорьян', 'Анже', '2 мая', '2021-05-06', '2:0', 7, 'http://football.kulichki.net/france/logo/Lorient.jpg', 'http://football.kulichki.net/france/logo/Angers.jpg'),
(861, 'Ним', 'Реймс', '2 мая', '2021-05-06', '2:2', 7, 'http://football.kulichki.net/france/logo/Nimes.jpg', 'http://football.kulichki.net/france/logo/Reims.jpg'),
(862, 'Монпелье', 'Сент-Этьен', '2 мая', '2021-05-06', '1:2', 7, 'http://football.kulichki.net/france/logo/Montpellier.jpg', 'http://football.kulichki.net/france/logo/Saint-Etienne.jpg'),
(863, 'Монако', 'Лион', '2 мая', '2021-05-06', '2:3', 7, 'http://football.kulichki.net/france/logo/Monaco.jpg', 'http://football.kulichki.net/france/logo/Lyon.jpg'),
(864, 'Актобе', 'Астана', '2 мая', '2021-05-06', '0:2', 5, 'https://football.kulichki.net/kz/logo/Aktobe.jpg', 'https://football.kulichki.net/kz/logo/Ordabasy.jpg'),
(865, 'Атырау', 'Каспий', '2 мая', '2021-05-06', '2:1', 5, 'https://football.kulichki.net/kz/logo/Atyrau.jpg', 'https://football.kulichki.net/kz/logo/Caspiy.jpg'),
(866, 'Тобол', 'Тараз', '2 мая', '2021-05-06', '3:0', 5, 'https://football.kulichki.net/kz/logo/Astana.jpg', 'https://football.kulichki.net/kz/logo/Tobol.jpg'),
(867, 'Кызыл-Жар СК', 'Кайрат', '3 мая', '2021-05-06', '1:1', 5, 'https://football.kulichki.net/kz/logo/Kyzylzhar.jpg', 'http://football.kulichki.net/england/logo/SheffieldUnited.jpg'),
(869, 'Акжайык', 'Жетысу', '3 мая', '2021-05-06', '3:2', 5, 'https://football.kulichki.net/kz/logo/Akzhayik.jpg', 'https://football.kulichki.net/kz/logo/Zhetysu.jpg'),
(870, 'Шахтёр', 'Кайсар', '3 мая', '2021-05-06', '1:1', 5, 'https://football.kulichki.net/kz/logo/Shakhter.jpg', 'https://football.kulichki.net/kz/logo/Kaisar.jpg');

-- --------------------------------------------------------

--
-- Структура таблицы `transfer`
--

CREATE TABLE `transfer` (
  `id` bigint(20) NOT NULL,
  `date` date DEFAULT NULL,
  `img` varchar(255) DEFAULT NULL,
  `name` varchar(255) DEFAULT NULL
) ENGINE=InnoDB DEFAULT CHARSET=utf8;

--
-- Дамп данных таблицы `transfer`
--

INSERT INTO `transfer` (`id`, `date`, `img`, `name`) VALUES
(1, '2021-05-06', 'https://www.readfootball.com/sites/default/files/styles/75x75/public/news-img/liverpool-v-newcastle-united-premier-league-12d17b3b87abfece35cc582db5a69132.jpg', '«ПСЖ» готовит предложение «Ливерпулю»'),
(2, '2021-05-06', 'https://www.readfootball.com/sites/default/files/styles/75x75/public/news-img/187003.jpeg', 'Депай близок к «Барселоне»'),
(3, '2021-05-06', 'https://www.readfootball.com/sites/default/files/styles/75x75/public/news-img/kalidoikoulibaly-cropped_1t9p13f8ehsut1eqp43l65xlxl_1.jpg', '«Юнайтед» и «Сити» узнали ценник Кулибали'),
(4, '2021-05-06', 'https://www.readfootball.com/sites/default/files/styles/75x75/public/news-img/skysports-jose-mourinho-erik-lamela_5261963.jpg', 'Моуриньо наметил первые трансферы'),
(5, '2021-05-06', 'https://www.readfootball.com/sites/default/files/styles/75x75/public/news-img/1024.jpeg', '«Спартак» возглавит португальский специалист'),
(6, '2021-05-06', 'https://www.readfootball.com/sites/default/files/styles/75x75/public/news-img/3126960-64094928-2560-1440.jpg', '«Челси» разобрал «Реал» и вышел в финал ЛЧ'),
(7, '2021-05-06', 'https://www.readfootball.com/sites/default/files/styles/75x75/public/news-img/1259076864-1.jpeg', '«Атлетико» нужен хавбек «Реала»'),
(8, '2021-05-06', 'https://www.readfootball.com/sites/default/files/styles/75x75/public/news-img/53e0ef01a11ea8e9cb0d4e1ae416e.jpeg', 'Гвардиоле нужен лидер «Лидса»'),
(9, '2021-05-06', 'https://www.readfootball.com/sites/default/files/styles/75x75/public/news-img/2131063-44578670-2560-1440.jpg', '«Вест Хэм» подпишет очень забивного форварда'),
(10, '2021-05-06', 'https://www.readfootball.com/sites/default/files/styles/75x75/public/news-img/r792962_1296x729_16-9.jpg', '«Барселоне» интересен хавбек «Фламенго»'),
(11, '2021-05-06', 'https://www.readfootball.com/sites/default/files/styles/75x75/public/news-img/luiz_1_0.jpg', 'Луиз близок к расставанию с «Арсеналом»'),
(12, '2021-05-06', 'https://www.readfootball.com/sites/default/files/styles/75x75/public/news-img/1580879206_0_0_2048_1152_1920x0_80_0_0_6f51c2819ce0550fb3525b2994921fd7.jpg', '«Бавария» готова побороться за Хакими'),
(13, '2021-05-06', 'https://www.readfootball.com/sites/default/files/styles/75x75/public/news-img/gosens.atalanta.2019.20.bicipite.1400x840_0.jpg', '«Лестер» опережает «Интер» и «Ювентус»'),
(14, '2021-05-06', 'https://www.readfootball.com/sites/default/files/styles/75x75/public/news-img/sancho2021_0.jpg', 'Санчо договорился с «Ливерпулем»'),
(15, '2021-05-06', 'https://www.readfootball.com/sites/default/files/styles/75x75/public/news-img/serdar-azmoun-ki_0.jpeg', '«Зенит» получил запрос от «Боруссии Д»'),
(16, '2021-05-06', 'https://www.readfootball.com/sites/default/files/styles/75x75/public/news-img/alex_sandro_juventus_image.jpg', '«Ювентус» и «Челси» могут обменяться защитниками'),
(17, '2021-05-06', 'https://www.readfootball.com/sites/default/files/styles/75x75/public/news-img/gettyimages-1203796517.jpg', '«Интер» нашел 2 замены Хандановичу'),
(18, '2021-05-06', 'https://www.readfootball.com/sites/default/files/styles/75x75/public/news-img/16069866431849.jpg', '«Барселона» собирается вернуть Неймара'),
(19, '2021-05-06', 'https://www.readfootball.com/sites/default/files/styles/75x75/public/news-img/nubel_2.jpg', '«Бавария» отпустит голкипера'),
(20, '2021-05-06', 'https://www.readfootball.com/sites/default/files/styles/75x75/public/news-img/https_foxesofleicester.com_wp-content_uploads_getty-images_2017_07_1295521611.jpeg', '«Севилья» нацелена на игрока «Лестера»'),
(21, '2021-05-06', 'https://www.readfootball.com/sites/default/files/styles/75x75/public/news-img/1257650486-2.jpg', 'Игрок «Ливерпуля» может перейти в «Боруссию Д»'),
(22, '2021-05-06', 'https://www.readfootball.com/sites/default/files/styles/75x75/public/news-img/1227793157.jpeg', '«Ливерпуль» и «Арсенал» сразятся за опорника'),
(23, '2021-05-06', 'https://www.readfootball.com/sites/default/files/styles/75x75/public/news-img/skysports-tottenham-junior_5185631.jpg', '«Тоттенхэм» принял решение по Винисиусу'),
(24, '2021-05-06', 'https://www.readfootball.com/sites/default/files/styles/75x75/public/news-img/11_87.jpg', 'Мхитарян покинул «МЮ» из-за Моуринью, теперь они вместе в «Роме»'),
(25, '2021-05-06', 'https://www.readfootball.com/sites/default/files/styles/75x75/public/news-img/qtykmm4anjo.jpg', 'У «Спартака» есть 3 кандидата на место Тедеско'),
(26, '2021-05-06', 'https://www.readfootball.com/sites/default/files/styles/75x75/public/news-img/fernandinho-1020293.jpg', '«Сити» поменял мнение по Фернандиньо'),
(27, '2021-05-06', 'https://www.readfootball.com/sites/default/files/styles/75x75/public/news-img/1251491555.jpg.0.jpg', '«Барселона» ищет «нового Бускетса»'),
(28, '2021-05-06', 'https://www.readfootball.com/sites/default/files/styles/75x75/public/news-img/peter-gulacsi.jpg', '«Тоттенхэм» определился с заменой Льорису'),
(29, '2021-05-06', 'https://www.readfootball.com/sites/default/files/styles/75x75/public/news-img/103ad560-a885-11eb-a7df-374c7067ed42.jpeg', '«Динамо» интересуется бразильским форвардом'),
(30, '2021-05-06', 'https://www.readfootball.com/sites/default/files/styles/75x75/public/news-img/maurizio-sarri-cropped_6126r53mrzas1hve6vdamk98a-1200x675.jpg', '«Милан» может сменить наставника'),
(31, '2021-05-06', 'https://www.readfootball.com/sites/default/files/styles/75x75/public/news-img/massimiliano-allegri-mozhet-vozglavit-doneckij-shahtyor_16152722901756182062.jpg', 'Аллегри на прицеле двух грандов'),
(32, '2021-05-06', 'https://www.readfootball.com/sites/default/files/styles/75x75/public/news-img/marquinhos-celebration-bayern-munich-vs-psg-champions-league-2021.jpg', 'Тухель хочет переманить защитника «ПСЖ»'),
(33, '2021-05-06', 'https://www.readfootball.com/sites/default/files/styles/75x75/public/news-img/sipa_33154814.jpg', '«Реал» намерен избавиться от Азара'),
(34, '2021-05-06', 'https://www.readfootball.com/sites/default/files/styles/75x75/public/news-img/1228884209.jpg.0.jpg', 'Гвардиоле нужен Райс'),
(35, '2021-05-06', 'https://www.readfootball.com/sites/default/files/styles/75x75/public/news-img/serdaraaaz.jpg', 'Азмун входит в список интересов «Ромы»'),
(36, '2021-05-13', 'https://www.readfootball.com/sites/default/files/styles/75x75/public/news-img/hansi-flick-bayern-munich-2020_184265ani9isz1e4261vv9pn0t.jpg', '«Барселона» общалась с агентами Флика'),
(37, '2021-05-13', 'https://www.readfootball.com/sites/default/files/styles/75x75/public/news-img/111_1673.jpg', 'Топ-клубы Англии ведут борьбу за 19-летнего сенегальца'),
(38, '2021-05-13', 'https://www.readfootball.com/sites/default/files/styles/75x75/public/news-img/111_1672.jpg', 'У «Барселоны» есть три кандидата на замену Куману'),
(39, '2021-05-13', 'https://www.readfootball.com/sites/default/files/styles/75x75/public/news-img/111__242.jpg', '«Манчестер Сити» знает кем заменить Лапорта'),
(40, '2021-05-13', 'https://www.readfootball.com/sites/default/files/styles/75x75/public/news-img/111__241.jpg', 'Рэшфорд дал ответ «Барселоне»'),
(41, '2021-05-13', 'https://www.readfootball.com/sites/default/files/styles/75x75/public/news-img/cristian-romero-atalanta-2020-21_kc8fu4vsxsgx14qpxbogxoo67.jpg', '«Юнайтед» готов подписать защитника «Аталанты»'),
(42, '2021-05-13', 'https://www.readfootball.com/sites/default/files/styles/75x75/public/news-img/16177245927240.jpg', 'Пирло утратил доверие игроков «Ювентуса»'),
(43, '2021-05-13', 'https://www.readfootball.com/sites/default/files/styles/75x75/public/news-img/new-project-28.jpg', 'Лэмпард возглавит клуб АПЛ'),
(44, '2021-05-13', 'https://www.readfootball.com/sites/default/files/styles/75x75/public/news-img/atalanta-bergamo-duvan-zapata-520547.jpg', '«Вест Хэм» нацелен на форварда «Аталанты»'),
(45, '2021-05-13', 'https://www.readfootball.com/sites/default/files/styles/75x75/public/news-img/ronald-koeman-barcelona_scmtqd9z9amo148fk1x3uwt2r.jpg', 'Кумана вызвали «на ковер» к начальству'),
(46, '2021-05-13', 'https://www.readfootball.com/sites/default/files/styles/75x75/public/news-img/camacamcavinga.jpeg', '«ПСЖ» опережает «Баварию» в борьбе за Камавингу'),
(47, '2021-05-13', 'https://www.readfootball.com/sites/default/files/styles/75x75/public/news-img/bastoni-scaled.jpg', '«Барселоне» нужен защитник «Интера»'),
(48, '2021-05-13', 'https://www.readfootball.com/sites/default/files/styles/75x75/public/news-img/uid_9b34830e7a22b079c6fab6ab8d28419c1617472805426_width_1200_play_0_pos_0_gs_0_height_678_wojciech-szczesny-popelnil-powazne-bledy-w-meczu-z-torino-fot-getty-images.jpg', '«Челси» может побороться за Шченсны'),
(49, '2021-05-13', 'https://www.readfootball.com/sites/default/files/styles/75x75/public/news-img/marcos-alonso-barca.jpeg', '«Боруссия Д» хочет купить защитника «Челси»'),
(50, '2021-05-13', 'https://www.readfootball.com/sites/default/files/styles/75x75/public/news-img/jerome-boateng-der-vertrag-des-verteidigers-wird-wohl-nicht-verlaengert-_1_0.jpg', 'Боатенга ждут во Франции'),
(51, '2021-05-13', 'https://www.readfootball.com/sites/default/files/styles/75x75/public/news-img/16195574030305.jpg', '«Лион» нацелен на защитника «Реала»'),
(52, '2021-05-13', 'https://www.readfootball.com/sites/default/files/styles/75x75/public/news-img/4yoty3kpwemn_kkmoy5hsjmyd_1440x.960.jpg', 'Ван Дейк не сыграет на Евро-2020'),
(53, '2021-05-13', 'https://www.readfootball.com/sites/default/files/styles/75x75/public/news-img/erling-haaland-michael-zorc-hans-joachim-watzke-borussia-dortmund-1595483915-43987.jpg', 'Ватцке рассказал о будущем Холанда'),
(54, '2021-05-13', 'https://www.readfootball.com/sites/default/files/styles/75x75/public/news-img/maxresdefault_18_1.jpg', 'Лидер «ВБА» на прицеле 3 клубов'),
(55, '2021-05-13', 'https://www.readfootball.com/sites/default/files/styles/75x75/public/news-img/depaul_2.jpg', 'Симеоне зовет в «Атлетико» аргентинского хавбека'),
(56, '2021-05-13', 'https://www.readfootball.com/sites/default/files/styles/75x75/public/news-img/pjanic-jorginho-gfx_1n5tbylp4rzja11sfovg6ma4zh.png', '«Барселона» предложила Пьянича «Челси»'),
(57, '2021-05-13', 'https://www.readfootball.com/sites/default/files/styles/75x75/public/news-img/e09hsdswqamx8xk.jpg', '«Бавария», «Юве» и «Барса» сразятся за вингера'),
(58, '2021-05-13', 'https://www.readfootball.com/sites/default/files/styles/75x75/public/news-img/aymeric-laporte-1024766.jpg', 'Лапорт стал гражданином Испании'),
(59, '2021-05-13', 'https://www.readfootball.com/sites/default/files/styles/75x75/public/news-img/img_20200719_143327.jpg', '«Юнайтед» нацелен на ганского форварда'),
(60, '2021-05-13', 'https://www.readfootball.com/sites/default/files/styles/75x75/public/news-img/44472.jpg', 'Буффон может перейти в «Барселону»'),
(61, '2021-05-13', 'https://www.readfootball.com/sites/default/files/styles/75x75/public/news-img/a8y4jnyexlo.jpg', '«Спартак» повесил ценник на Ларссона'),
(62, '2021-05-14', 'https://www.readfootball.com/sites/default/files/styles/75x75/public/news-img/sport-preview-chelsea-targets.jpg', 'Тухель получит 150 млн фунтов на трансферы'),
(63, '2021-05-14', 'https://www.readfootball.com/sites/default/files/styles/75x75/public/news-img/maxresdefault_20_1.jpg', '«ПСЖ» может увести капитана «Реала»'),
(64, '2021-05-14', 'https://www.readfootball.com/sites/default/files/styles/75x75/public/news-img/dier.jpeg', 'Моуриньо получил первый отказ'),
(65, '2021-05-14', 'https://www.readfootball.com/sites/default/files/styles/75x75/public/news-img/f9c9a65a-a9a8-4fb6-a22e-6dabcaf7dce0.jpeg', 'У «Сити» есть 4 замены Агуэро'),
(66, '2021-05-14', 'https://www.readfootball.com/sites/default/files/styles/75x75/public/news-img/braim-dias.jpg', '«Милан» выкупит плеймейкера «Реала»'),
(67, '2021-05-14', 'https://www.readfootball.com/sites/default/files/styles/75x75/public/news-img/60.jpg', '«Локомотив» начал переговоры с ЦСКА'),
(68, '2021-05-14', 'https://www.readfootball.com/sites/default/files/styles/75x75/public/news-img/210420_lewandowski_interview.jpg', 'В «Баварии» исключают продажу Левандовски'),
(69, '2021-05-14', 'https://www.readfootball.com/sites/default/files/styles/75x75/public/news-img/football-transfers-depay-barcelona-agreement-for-this-summer-but.jpg', '«Барселона» закрывает очередной трансфер'),
(70, '2021-05-14', 'https://www.readfootball.com/sites/default/files/styles/75x75/public/news-img/111_1687.jpg', 'У «Наполи» есть главный кандидат на пост главного тренера'),
(71, '2021-05-14', 'https://www.readfootball.com/sites/default/files/styles/75x75/public/news-img/111_1685.jpg', 'Три клуба хотят перехватить Агуэро у «Барселоны»'),
(72, '2021-05-14', 'https://www.readfootball.com/sites/default/files/styles/75x75/public/news-img/111_1682.jpg', 'Роналду в шаге от ухода из «Ювентуса»'),
(73, '2021-05-14', 'https://www.readfootball.com/sites/default/files/styles/75x75/public/news-img/aaron-wan-bissaka-manchester-united-2019-20_1eisdn4zboegd1wqr86m1n6qa8.jpg', '«МЮ» ищет нового фулбека'),
(74, '2021-05-14', 'https://www.readfootball.com/sites/default/files/styles/75x75/public/news-img/https_paininthearsenal.com_wp-content_uploads_getty-images_2017_07_1254265443.jpeg', '«Арсенал» принял решение по двум игрокам'),
(75, '2021-05-14', 'https://www.readfootball.com/sites/default/files/styles/75x75/public/news-img/lautaro-agente-barca.jpeg', '«Ливерпуль» купит звездного форварда'),
(76, '2021-05-14', 'https://www.readfootball.com/sites/default/files/styles/75x75/public/news-img/imago1000539513h-scaled.jpg', '«Марсель» подпишет малийского опорника'),
(77, '2021-05-14', 'https://www.readfootball.com/sites/default/files/styles/75x75/public/news-img/zidane_1.jpeg', 'Зидан покинет «Реал» ради «Ювентуса»'),
(78, '2021-05-14', 'https://www.readfootball.com/sites/default/files/styles/75x75/public/news-img/jadon-sancho-white_1.jpg', '«Реал» собирается побороться за Санчо'),
(79, '2021-05-14', 'https://www.readfootball.com/sites/default/files/styles/75x75/public/news-img/2965924-60874408-2560-1440_1.jpg', 'У «Вест Хэма» проблемы с потенциальным трансфером'),
(80, '2021-05-14', 'https://www.readfootball.com/sites/default/files/styles/75x75/public/news-img/42931234-0-image-a-59_1620888810287.jpg', 'Агуэро выбрал «Барселону»'),
(81, '2021-05-14', 'https://www.readfootball.com/sites/default/files/styles/75x75/public/news-img/serge-aurier-2_0.jpg', '«ПСЖ» закрывает сделку с «Тоттенхэмом»'),
(82, '2021-05-14', 'https://www.readfootball.com/sites/default/files/styles/75x75/public/news-img/mauro-arambarri-pic.jpg', '«МЮ» хочет купить уругвайского опорника'),
(83, '2021-05-14', 'https://www.readfootball.com/sites/default/files/styles/75x75/public/news-img/111_1681.jpg', 'Месси подпишет контракт, но после Кубка Америки'),
(84, '2021-05-14', 'https://www.readfootball.com/sites/default/files/styles/75x75/public/news-img/111_1680.jpg', 'Мама Роналду заявила, что её сын покинет «Ювентус» этим летом'),
(85, '2021-05-14', 'https://www.readfootball.com/sites/default/files/styles/75x75/public/news-img/rui-patricio-estirando.jpeg', '«Вулверхэмптон» рискует потерять голкипера'),
(86, '2021-05-14', 'https://www.readfootball.com/sites/default/files/styles/75x75/public/news-img/fabian-ruiz_1_1.jpg', '«Атлетико» нужен хавбек сборной Испании'),
(87, '2021-05-14', 'https://www.readfootball.com/sites/default/files/styles/75x75/public/news-img/w1280-p4x3-2020-07-17t192740z_1064046756_rc27vh97wdzy_rtrmadp_3_soccer-england-lee-bielsa.jpg', 'Бьелса откажет «Тоттенхэму»'),
(88, '2021-05-14', 'https://www.readfootball.com/sites/default/files/styles/75x75/public/news-img/41d670ebd6fc43269e7cf85feec2d316.jpeg', '«Боруссия Д» может выгодно обменять Санчо'),
(89, '2021-05-14', 'https://www.readfootball.com/sites/default/files/styles/75x75/public/news-img/kane_4.jpg', 'Глэйзеры готовы спонсировать звездный трансфер «МЮ»'),
(90, '2021-05-14', 'https://www.readfootball.com/sites/default/files/styles/75x75/public/news-img/marlon_0.jpg', '«Шахтер» подпишет защитника «Сассуоло»'),
(91, '2021-05-14', 'https://www.readfootball.com/sites/default/files/styles/75x75/public/news-img/sergio-conceicao.jpg', '«Зенит» ищет замену Семаку'),
(92, '2021-05-15', 'https://www.readfootball.com/sites/default/files/styles/75x75/public/news-img/6994e288-2b40-4cd5-953e-a8bd00dcc66c.jpeg', 'Берге выбрал новый клуб'),
(93, '2021-05-15', 'https://www.readfootball.com/sites/default/files/styles/75x75/public/news-img/copyright-proshots-9789691-scaled.jpg', '«Юнайтед» начал переговоры с Вараном'),
(94, '2021-05-15', 'https://www.readfootball.com/sites/default/files/styles/75x75/public/news-img/isak_web_945_.jpg', 'У «Барсы» есть альтернативный вариант усиления атаки'),
(95, '2021-05-15', 'https://www.readfootball.com/sites/default/files/styles/75x75/public/news-img/gettyimages-1189681279-scaled.jpg', '«Арсенал» строит грандиозные планы на лето'),
(96, '2021-05-15', 'https://www.readfootball.com/sites/default/files/styles/75x75/public/news-img/0_gettyimages-1316989896.jpg', '«Челси» хочет увести защитника «Сити»'),
(97, '2021-05-15', 'https://www.readfootball.com/sites/default/files/styles/75x75/public/news-img/111__245.jpg', 'Салах может стать игроком «ПСЖ», но при одном условии'),
(98, '2021-05-15', 'https://www.readfootball.com/sites/default/files/styles/75x75/public/news-img/eom2optxsacwibe.jpg', '«Бавария» купит бюджетного форварда'),
(99, '2021-05-15', 'https://www.readfootball.com/sites/default/files/styles/75x75/public/news-img/1231149321.0.jpg', 'Защитник «Челси» на прицеле двух клубов Серии А'),
(100, '2021-05-15', 'https://www.readfootball.com/sites/default/files/styles/75x75/public/news-img/1232849113.0.jpg', '«Барселона» купит звездного форварда'),
(101, '2021-05-15', 'https://www.readfootball.com/sites/default/files/styles/75x75/public/news-img/img_20200105_161004.jpg', '«Вулвз» назвали стоимость Патрисиу'),
(102, '2021-05-15', 'https://www.readfootball.com/sites/default/files/styles/75x75/public/news-img/image_15_0.jpg', 'Малиновский на радаре трех грандов'),
(103, '2021-05-15', 'https://www.readfootball.com/sites/default/files/styles/75x75/public/news-img/naby-keita.jpg', '«Атлетико» переманивает хавбека «Ливерпуля»'),
(104, '2021-05-15', 'https://www.readfootball.com/sites/default/files/styles/75x75/public/news-img/superlega.jpg', '«Ювентус», у нас проблемы'),
(105, '2021-05-15', 'https://www.readfootball.com/sites/default/files/styles/75x75/public/news-img/desktop_2021_uk_l1_lille_botman.jpg', '«Манчестер Юнайтед» рассмотрит 3 защитников'),
(106, '2021-05-15', 'https://www.readfootball.com/sites/default/files/styles/75x75/public/news-img/tanguy-ndombele-sheffield-utd-v-tottenham-premier-league-2021.jpg', '«Реал» хочет купить полузащитника «Тоттенхэма»');

-- --------------------------------------------------------

--
-- Структура таблицы `t_roles`
--

CREATE TABLE `t_roles` (
  `id` bigint(20) NOT NULL,
  `role` varchar(255) DEFAULT NULL
) ENGINE=InnoDB DEFAULT CHARSET=utf8;

-- --------------------------------------------------------

--
-- Структура таблицы `t_users`
--

CREATE TABLE `t_users` (
  `id` bigint(20) NOT NULL,
  `email` varchar(255) DEFAULT NULL,
  `full_name` varchar(255) DEFAULT NULL,
  `password` varchar(255) DEFAULT NULL
) ENGINE=InnoDB DEFAULT CHARSET=utf8;

--
-- Дамп данных таблицы `t_users`
--

INSERT INTO `t_users` (`id`, `email`, `full_name`, `password`) VALUES
(1, 'dimaw@mail.ru', 'Dimaw Amangaliuly', '$2y$12$kZgZ89YeVsMYjeDQQMp.buGgAi51YU.9tbKQQlH0Ticj5NcanreZ6');

-- --------------------------------------------------------

--
-- Структура таблицы `t_users_roles`
--

CREATE TABLE `t_users_roles` (
  `users_id` bigint(20) NOT NULL,
  `roles_id` bigint(20) NOT NULL
) ENGINE=InnoDB DEFAULT CHARSET=utf8;

--
-- Индексы сохранённых таблиц
--

--
-- Индексы таблицы `club`
--
ALTER TABLE `club`
  ADD PRIMARY KEY (`id`);

--
-- Индексы таблицы `club_players`
--
ALTER TABLE `club_players`
  ADD UNIQUE KEY `UK_an6r6yd6je3a5vsph9uasv0ak` (`players_id`),
  ADD KEY `FKt03gj0p4ca133t77k4xpub7vf` (`club_id`);

--
-- Индексы таблицы `liga`
--
ALTER TABLE `liga`
  ADD PRIMARY KEY (`id`);

--
-- Индексы таблицы `liga_clubs`
--
ALTER TABLE `liga_clubs`
  ADD UNIQUE KEY `UK_3qae1hwugc81hkify50gh0mql` (`clubs_id`),
  ADD KEY `FKsnhk09aen0lcsmmn0nuxbcyqo` (`liga_id`);

--
-- Индексы таблицы `news`
--
ALTER TABLE `news`
  ADD PRIMARY KEY (`id`);

--
-- Индексы таблицы `players`
--
ALTER TABLE `players`
  ADD PRIMARY KEY (`id`);

--
-- Индексы таблицы `result`
--
ALTER TABLE `result`
  ADD PRIMARY KEY (`id`),
  ADD KEY `FK2jhdfiwpyt4xidhq9330bpxnd` (`liga_id`);

--
-- Индексы таблицы `transfer`
--
ALTER TABLE `transfer`
  ADD PRIMARY KEY (`id`);

--
-- Индексы таблицы `t_roles`
--
ALTER TABLE `t_roles`
  ADD PRIMARY KEY (`id`);

--
-- Индексы таблицы `t_users`
--
ALTER TABLE `t_users`
  ADD PRIMARY KEY (`id`);

--
-- Индексы таблицы `t_users_roles`
--
ALTER TABLE `t_users_roles`
  ADD KEY `FK9qf4n9htwf2hlfnqoucqmyeg9` (`roles_id`),
  ADD KEY `FK8rghlpl6w68ymy8c5sdv4bkeu` (`users_id`);

--
-- AUTO_INCREMENT для сохранённых таблиц
--

--
-- AUTO_INCREMENT для таблицы `club`
--
ALTER TABLE `club`
  MODIFY `id` bigint(20) NOT NULL AUTO_INCREMENT, AUTO_INCREMENT=128;

--
-- AUTO_INCREMENT для таблицы `liga`
--
ALTER TABLE `liga`
  MODIFY `id` bigint(20) NOT NULL AUTO_INCREMENT, AUTO_INCREMENT=8;

--
-- AUTO_INCREMENT для таблицы `news`
--
ALTER TABLE `news`
  MODIFY `id` bigint(20) NOT NULL AUTO_INCREMENT, AUTO_INCREMENT=209;

--
-- AUTO_INCREMENT для таблицы `players`
--
ALTER TABLE `players`
  MODIFY `id` bigint(20) NOT NULL AUTO_INCREMENT, AUTO_INCREMENT=602;

--
-- AUTO_INCREMENT для таблицы `result`
--
ALTER TABLE `result`
  MODIFY `id` bigint(20) NOT NULL AUTO_INCREMENT, AUTO_INCREMENT=891;

--
-- AUTO_INCREMENT для таблицы `transfer`
--
ALTER TABLE `transfer`
  MODIFY `id` bigint(20) NOT NULL AUTO_INCREMENT, AUTO_INCREMENT=107;

--
-- AUTO_INCREMENT для таблицы `t_roles`
--
ALTER TABLE `t_roles`
  MODIFY `id` bigint(20) NOT NULL AUTO_INCREMENT;

--
-- AUTO_INCREMENT для таблицы `t_users`
--
ALTER TABLE `t_users`
  MODIFY `id` bigint(20) NOT NULL AUTO_INCREMENT, AUTO_INCREMENT=2;

--
-- Ограничения внешнего ключа сохраненных таблиц
--

--
-- Ограничения внешнего ключа таблицы `club_players`
--
ALTER TABLE `club_players`
  ADD CONSTRAINT `FKr7h9ts2ovhyk601c6snajbsa3` FOREIGN KEY (`players_id`) REFERENCES `players` (`id`),
  ADD CONSTRAINT `FKt03gj0p4ca133t77k4xpub7vf` FOREIGN KEY (`club_id`) REFERENCES `club` (`id`);

--
-- Ограничения внешнего ключа таблицы `liga_clubs`
--
ALTER TABLE `liga_clubs`
  ADD CONSTRAINT `FKaqkmkpr7g8gcml51sr4yy5b6` FOREIGN KEY (`clubs_id`) REFERENCES `club` (`id`),
  ADD CONSTRAINT `FKsnhk09aen0lcsmmn0nuxbcyqo` FOREIGN KEY (`liga_id`) REFERENCES `liga` (`id`);

--
-- Ограничения внешнего ключа таблицы `result`
--
ALTER TABLE `result`
  ADD CONSTRAINT `FK2jhdfiwpyt4xidhq9330bpxnd` FOREIGN KEY (`liga_id`) REFERENCES `liga` (`id`);

--
-- Ограничения внешнего ключа таблицы `t_users_roles`
--
ALTER TABLE `t_users_roles`
  ADD CONSTRAINT `FK8rghlpl6w68ymy8c5sdv4bkeu` FOREIGN KEY (`users_id`) REFERENCES `t_users` (`id`),
  ADD CONSTRAINT `FK9qf4n9htwf2hlfnqoucqmyeg9` FOREIGN KEY (`roles_id`) REFERENCES `t_roles` (`id`);
COMMIT;

/*!40101 SET CHARACTER_SET_CLIENT=@OLD_CHARACTER_SET_CLIENT */;
/*!40101 SET CHARACTER_SET_RESULTS=@OLD_CHARACTER_SET_RESULTS */;
/*!40101 SET COLLATION_CONNECTION=@OLD_COLLATION_CONNECTION */;
